text,language
AZ SAM UCHITEL,Bulgarian
IVAN E LEKAR,Bulgarian
TOVA E KASHTA,Bulgarian
ONOVA E MAGAZIN,Bulgarian
AZ SAM STROG UCHITEL,Bulgarian
IVAN E DOBAR LEKAR,Bulgarian
YULIA E MOYAT UCHITEL,Bulgarian
TOVA E NASHATA KASHTA,Bulgarian
YULIA E MOYAT NOV UCHITEL,Bulgarian
IVAN E NASH DOBAR PRIYATEL,Bulgarian
TI SI KRASIVA,Bulgarian
TI SI MNOGO KRASIVA TAZI VECHER,Bulgarian
TI SI MNOGO SILEN,Bulgarian
TI SI MNOGO SMEL,Bulgarian
TOVA TSVETE E PREKRASNO,Bulgarian
ISKAM TAZI YABALKA,Bulgarian
ISKAM DA ZATVORISH VRATATA,Bulgarian
ISKAM DA STANA LEKAR,Bulgarian
ISKAM DA NAPRAVYA DRUGITE HORA SHTASTLIVI,Bulgarian
ISKAM DA GOVORYA NA BALGARSKI EZIK,Bulgarian
ISKASH LI DA IZLEZESH S MEN TAZI VECHER,Bulgarian
ISKAM,Bulgarian
ISKAM DA BADA TVOYA,Bulgarian
IMAM NUZHDA OT POMOSHT,Bulgarian
IMAM NUZHDA OT HIMIKALKA,Bulgarian
TRYABVA DA OTIDA DO TOALETNATA,Bulgarian
TRYABVA DA TRAGVAM,Bulgarian
ZLE MI E IMAM NUZHDA OT LEKAR,Bulgarian
TRYABVA DA NAUCHA BALGARSKI EZIK,Bulgarian
HARESVAM TOZI TSVYAT,Bulgarian
HARESVA MI DA GOTVYA,Bulgarian
OBICHAM DA GLEDAM ZALEZA,Bulgarian
OBICHAM DA SE RAZHOZHDAM VECHER,Bulgarian
OBOZHAVAM TOZI SLADKISH,Bulgarian
OBOZHAVAM DA HODYA NA SLADKARNITSA,Bulgarian
MOLYA ZATVORETE VRATATA,Bulgarian
MOGA LI DA VI POMOLYA DA ZATVORITE VRATATA,Bulgarian
MOZHE LI TAZI YABALKA MOLYA,Bulgarian
MOZHE LI EDIN KILOGRAM KARTOFI MOLYA,Bulgarian
MOZHE LI DVA HLYABA MOLYA,Bulgarian
IZVINETE KOLKO E CHASAT,Bulgarian
IZVINETE MOZHE LI DA MI POMOGNETE,Bulgarian
IZVINETE TOVA MYASTO SVOBODNO LI E,Bulgarian
IZVINETE KADE SE NAMIRA KATEDRALATA,Bulgarian
IZVINETE TOVA VASHE LI E,Bulgarian
IZVINETE GOVORITE LI ANGLIYSKI,Bulgarian
KAKVO E TOVA,Bulgarian
KAKVO E VREMETO DNES,Bulgarian
KAKVO BESHE VREMETO VCHERA,Bulgarian
KAKVO SHTE BADE VREMETO UTRE,Bulgarian
KAKVO OBICHASH DA YADESH,Bulgarian
KAKVO OBICHASH DA NOSISH,Bulgarian
KAKVO DA NAPRAVYA ZA TEB,Bulgarian
KOGA SI RODEN,Bulgarian
KOGA E ROZHDENIYAT TI DEN,Bulgarian
KOGA SHTE SE VIDIM PAK,Bulgarian
KOGA E SRESHTATA NI,Bulgarian
KOGA PRISTIGA SAMOLETAT,Bulgarian
KADE ZHIVEESH,Bulgarian
KADE E ASANSYORAT,Bulgarian
KADE E TOALETNATA,Bulgarian
KADE SE NAMIRA TVOYAT RODEN GRAD,Bulgarian
KADE E TSENTARAT NA GRADA,Bulgarian
TOVA E ANTON TOY E STUDENT,Bulgarian
ANTON E DOBAR STUDENT I MOY BLIZAK PRIYATEL,Bulgarian
ISKAM DA ZADAM VAPROS,Bulgarian
OBICHAM DA PIYA PORTOKALOV SOK,Bulgarian
MOZHE LI EDIN KILOGRAM MORKOVI MOLYA,Bulgarian
MOZHE LI EDIN PAKET SOL MOLYA,Bulgarian
MOZHE LI DVE KISELI MLEKA MOLYA,Bulgarian
IZVINETE MOZHE LI DA ZATVORYA VRATATA,Bulgarian
IZVINETE MOZHE LI EDIN HLYAB,Bulgarian
KAKVO E NASTROENIETO TI DNES,Bulgarian
KAKVO BESHE NASTROENIETO TI VCHERA,Bulgarian
KAKVO SHTE BADE NASTROENIETO TI UTRE,Bulgarian
KOGA PRISTIGA VLAKAT,Bulgarian
KOGA PRISTIGA KOLATA IM,Bulgarian
KOGA PRISTIGA MOTORAT,Bulgarian
KADE E KATEDRALATA,Bulgarian
KADE E PARKAT,Bulgarian
KADE E PLAZHAT,Bulgarian
I AM A TEACHER,english
IVAN IS A DOCTOR,english
THIS IS A HOUSE,english
THAT IS A SHOP,english
I AM A STRICT TEACHER,english
IVAN IS A GOOD DOCTOR,english
JULIA IS MY TEACHER,english
THIS IS OUR HOUSE,english
JULIA IS MY NEW TEACHER,english
IVAN IS OUR GOOD FRIEND,english
YOU ARE BEAUTIFUL,english
YOU ARE VERY BEAUTIFUL TONIGHT,english
YOU ARE VERY STRONG,english
YOU ARE VERY BRAVE,english
THIS FLOWER IS WONDERFUL,english
I WANT THIS APPLE,english
I WANT YOU TO CLOSE THE DOOR,english
I WANT TO BECOME A DOCTOR,english
I WANT TO MAKE OTHER PEOPLE HAPPY,english
I WANT TO SPEAK THE Bulgarian LANGUAGE,english
DO YOU WANT TO GO OUT WITH ME TONIGHT,english
I DO,english
I WANT TO BE YOURS,english
I NEED HELP,english
I NEED A PEN,english
I NEED TO GO TO THE TOILET,english
I HAVE TO GO,english
I FEEL BAD I NEED A DOCTOR,english
I NEED TO LEARN THE Bulgarian LANGUAGE,english
I LIKE THIS COLOR,english
I LIKE TO COOK,english
I LOVE WATCHING THE SUNSET,english
I LIKE TO GO FOR A WALK IN THE EVENING,english
I LOVE THIS CAKE,english
I LOVE GOING TO THE PASTRY SHOP,english
CLOSE THE DOOR PLEASE,english
MAY I ASK YOU TO CLOSE THE DOOR,english
MAY I HAVE THIS APPLE PLEASE,english
MAY I HAVE ONE KILOGRAM OF POTATOES PLEASE,english
MAY I HAVE TWO LOAVES OF BREAD PLEASE,english
EXCUSE ME WHATS THE TIME,english
EXCUSE ME CAN YOU HELP ME,english
EXCUSE ME IS THIS SEAT FREE,english
EXCUSE ME WHERE IS THE CATHEDRAL,english
EXCUSE ME IS THAT YOURS,english
EXCUSE ME DO YOU SPEAK ENGLISH,english
WHAT IS THIS,english
WHAT IS THE WEATHER TODAY,english
WHAT WAS THE WEATHER YESTERDAY,english
WHAT WILL THE WEATHER BE LIKE TOMORROW,english
WHAT DO YOU LIKE TO EAT,english
WHAT DO YOU LIKE TO WEAR,english
WHAT CAN I DO FOR YOU,english
WHEN WERE YOU BORN,english
WHEN IS YOUR BIRTHDAY,english
WHEN WILL I SEE YOU AGAIN,english
WHEN IS OUR MEETING,english
WHEN IS THE PLANE ARRIVING,english
WHERE DO YOU LIVE,english
WHERE IS THE ELEVATOR,english
WHERE IS THE RESTROOM,english
WHERE IS YOUR HOMETOWN LOCATED,english
WHERE IS THE CITY CENTER,english
THIS IS ANTON HE IS A STUDENT,english
ANTON IS A GOOD STUDENT AND MY CLOSE FRIEND,english
I WANT TO ASK A QUESTION,english
I LOVE TO DRINK ORANGE JUICE,english
MAY I HAVE ONE KILOGRAM OF CARROTS PLEASE,english
MAY I HAVE ONE SALT PACKET PLEASE,english
MAY I HAVE TWO YOGURTS PLEASE,english
EXCUSE ME CAN I CLOSE THE DOOR,english
EXCUSE ME MAY I HAVE ONE LOAF OF BREAD,english
WHAT IS YOUR MOOD TODAY,english
WHAT WAS YOUR MOOD YESTERDAY,english
WHAT WILL BE YOUR MOOD TOMORROW,english
WHEN IS THE TRAIN ARRIVING,english
WHEN IS THEIR CAR ARRIVING,english
WHEN IS THE MOTORCYCLE ARRIVING,english
WHERE IS THE CATHEDRAL,english
WHERE IS THE PARK,english
WHERE IS THE BEACH,english
JE SUIS ENSEIGNANT,french
IVAN EST UN DOCTEUR,french
CETTE EST UNE MAISON,french
CE EST UNE BOUTIQUE,french
JE SUIS UN PROFESSEUR STRICT,french
IVAN EST UN BON DOCTEUR,french
JULIA EST MON PROFESSEUR,french
CETTE EST NOTRE MAISON,french
JULIA EST MON NOUVEAU PROFESSEUR,french
IVAN EST NOTRE BON AMI,french
TU ES BELLE,french
TU ES BIEN BELLE CE SOIR,french
TU ES BIEN FORT,french
TU ES BIEN COURAGEUSE,french
CETTE FLEUR EST MAGNIFIQUE,french
JE VEUX CETTE POMME,french
JE VEUX QUE TU FERMES LA PORTE,french
JE VEUX DEVENIR DOCTEUR,french
JE VEUX RENDRE LES AUTRES HEUREUX,french
JE VEUX PARLER LA LANGUE BULGARE,french
VEUX TU SORTIR AVEC MOI CE SOIR,french
JE LE FAIS,french
JE VEUX VENIR LE TIENS,french
JE BESOIN AIDER,french
JE BESOIN UN STYLO,french
JE BESOIN POUR VA POUR LES TOILETTES,french
JE DOIS Y ALLER,french
JE ME SENS MAL JE BESOIN DOCTEUR,french
JAI BESOIN DAPPRENDRE LA LANGUE BULGARE,french
JE AIMER CETTE COULEUR,french
JE AIMER CUISINER,french
JE AMOUR REGARDER LE COUCHER DU SOLEIL,french
JE AIMER ME PROMENER LE SOIR,french
JE AMOUR CETTE GATEAU,french
JADORE ALLER A LA PATISSERIE,french
FERMEZ LA PORTE SIL VOUS PLAIT,french
PUIS JE VOUS DEMANDER DE FERMER LA PORTE,french
PUIS JE AVOIR CETTE POMME SIL VOUS PLAIT,french
PUIS JE AVOIR UN KILOGRAMME DE POMMES DE TERRE SIL VOUS PLAIT,french
PUIS JE AVOIR DEUX MICHES DE PAIN SIL VOUS PLAIT,french
EXCUSEZ MOI QUELLE HEURE EST IL,french
EXCUSEZ MOI POUVEZ VOUS MAIDER,french
EXCUSEZ MOI EST CE QUE CETTE PLACE EST LIBRE,french
EXCUSEZ MOI OU EST LA CATHEDRALE,french
EXCUSEZ MOI CEST LE VOTRE,french
EXCUSEZ MOI PARLEZ VOUS ANGLAIS,french
QUEST CE QUE CEST,french
QUEL TEMPS FAIT IL AUJOURD HUI,french
QUEL TEMPS FAISAIT IL HIER,french
COMMENT SERA LE TEMPS DEMAIN,french
QUEST CE QUE TU AIMES MANGER,french
QUEST CE QUE TU AIMES PORTER,french
QUE PUIS JE FAIRE POUR VOUS,french
QUAND ETES VOUS NE,french
CEST QUAND VOTRE ANNIVERSAIRE,french
QUAND TE REVERRAI JE,french
A QUAND NOTRE RENDEZ VOUS,french
QUAND EST CE QUE LAVION ARRIVE,french
OU HABITEZ VOUS,french
OU EST LASCENSEUR,french
OU SONT LES TOILETTES,french
OU SE SITUE VOTRE VILLE NATALE,french
OU EST LE CENTRE VILLE,french
CEST ANTON IL EST ETUDIANT,french
ANTON EST UN BON ELEVE ET MON AMI PROCHE,french
JE VEUX POSER UNE QUESTION,french
JAIME BOIRE DU JUS DORANGE,french
PUIS JE AVOIR UN KILO DE CAROTTES SIL VOUS PLAIT,french
PUIS JE AVOIR UN PAQUET DE SEL SIL VOUS PLAIT,french
PUIS JE AVOIR DEUX YAOURTS SIL VOUS PLAIT,french
EXCUSEZ MOI PUIS JE FERMER LA PORTE,french
EXCUSEZ MOI PUIS JE AVOIR UNE MICHE DE PAIN,french
QUELLE EST VOTRE HUMEUR AUJOURDHUI,french
QUELLE ETAIT TON HUMEUR HIER,french
QUELLE SERA VOTRE HUMEUR DEMAIN,french
QUAND ARRIVE LE TRAIN,french
QUAND EST CE QUE LEUR VOITURE ARRIVE,french
QUAND ESTCE QUE LA MOTO ARRIVE,french
OU EST LA CATHEDRALE,french
OU EST LA PARC,french
OU EST LA PLAGE,french
IS MUINTEOIR ME,irish
IS DOCHTUIR E IVAN,irish
IS TEACH E SEO,irish
IS SIOPA E SIN,irish
IS MUINTEOIR DIAN ME,irish
IS DOCHTUIR MAITH E IVAN,irish
IS I JULIA MO MHUINTEOIR,irish
IS E SEO AR DTEACH,irish
IS I JULIA MO MHUINTEOIR NUA,irish
IS E IVAN AR GCARA MAITH,irish
TA TU GO HALAINN,irish
TA TU AN-ALAINN ANOCHT,irish
TA TU AN-LAIDIR,irish
TA TU AN-CROGA,irish
TA AN BLATH SEO IONTACH,irish
BA MHAITH LIOM AN ULL SEO,irish
BA MHAITH LIOM TU A DHUNADH AN DORAS,irish
BA MHAITH LIOM A BHEITH I MO DHOCHTUIR,irish
BA MHAITH LIOM A DHEANAMH SASTA LE DAOINE EILE,irish
BA MHAITH LIOM AN TEANGA BULGAIRIS A LABHAIRT,irish
AR MHAITH LEAT DUL AMACH LIOM ANOCHT,irish
DEANAIM,irish
BA MHAITH LIOM A BHEITH LEATSA,irish
TEASTAIONN CUNAMH UAIM,irish
TA PEANN AG TEASTAIL UAIM,irish
CAITHFIDH ME DUL GO DTI AN LEITHREAS,irish
CAITHFIDH ME IMEACHT,irish
MOTHAIM GO DONA TA DOCHTUIR AG TEASTAIL UAIM,irish
CAITHFIDH ME AN TEANGA BULGAIRIS A FHOGHLAIM,irish
IS MAITH LIOM AN DATH SEO,irish
IS MAITH LIOM A BHEITH AG COCAIREACHT,irish
IS BREA LIOM FEACHAINT AR LUI NA GREINE,irish
IS MAITH LIOM DUL AG SIUL TRATHNONA,irish
IS BREA LIOM AN CACA SEO,irish
IS BREA LIOM DUL GO DTI AN SIOPA TAOSRAIN,irish
DUN AN DORAS LE DO THOIL,irish
GO N-IARRFAINN ORT AN DORAS A DHUNADH,irish
GO MBEIDH AN T-ULL SEO AGAM LE DO THOIL,irish
GO MBEADH CILEAGRAM AMHAIN PRATAI AGAM LE DO THOIL,irish
"GO MBEADH DHA BHUILIN ARAIN AGAM, LE DO THOIL",irish
GABH MO LEITHSCEAL CAD E AN T-AM,irish
GABH MO LEITHSCEAL AN FEIDIR LEAT CABHRU LIOM,irish
GABH MO LEITHSCEAL AN BHFUIL AN SUIOCHAN SEO SAOR,irish
GABH MO LEITHSCEAL CA BHFUIL AN ARDEAGLAIS,irish
GABH MO LEITHSCEAL GUR LEATSA E,irish
GABH MO LEITHSCEAL AN BHFUIL BEARLA AGAT,irish
CAD E SEO,irish
CAD E AN AIMSIR INNIU,irish
CAD A BHI AN AIMSIR INNE,irish
CONAS A BHEIDH AN AIMSIR AMARACH,irish
CAD IS MAITH LEAT A ITHE,irish
CAD IS MAITH LEAT A CHAITHEAMH,irish
CAD IS FEIDIR LIOM A DHEANAMH AR DO SHON,irish
CATHAIN A RUGADH TU,irish
CATHAIN A BHFUIL DO BHREITHLA,irish
CATHAIN A FHEICIM ARIS THU,irish
CATHAIN A BHIONN AR GCRUINNIU,irish
CATHAIN ATA AN T-EITLEAN AG TEACHT,irish
CA BHFUIL TU I DO CHONAI,irish
CA BHFUIL AN T-ARDAITHEOIR,irish
CA BHFUIL AN LEITHREAS,irish
CA BHFUIL DO BHAILE DUCHAIS SUITE,irish
CA BHFUIL LAR NA CATHRACH,irish
SEO ANTON IS MAC LEINN E,irish
IS MAC LEINN MAITH E ANTON AGUS MO DHLUTHCHARA,irish
BA MHAITH LIOM CEIST A CHUR,irish
IS BREA LIOM SU ORAISTE A OL,irish
B'FHEIDIR GO MBEADH CILEAGRAM CAIREID AGAM LE DO THOIL,irish
GO MBEADH PAICEAD SALAINN AMHAIN AGAM LE DO THOIL,irish
GO MBEIDH DHA IOGART AGAM LE DO THOIL,irish
GABH MO LEITHSCEAL AN FEIDIR LIOM AN DORAS A DHUNADH,irish
GABH MO LEITHSCEAL GO MBEIDH BUILIN AMHAIN ARAIN AGAM,irish
CAD E DO GHIUMAR INNIU,irish
CAD A BHI AR DO GIUMAR INNE,irish
CAD A BHEIDH AR DO GIUMAR AMARACH,irish
CATHAIN A BHEIDH AN TRAEIN AG TEACHT,irish
CATHAIN A BHEIDH A GCARR AG TEACHT,irish
CATHAIN A BHEIDH AN GLUAISROTHAR AG TEACHT,irish
CA BHFUIL AN ARDEAGLAIS,irish
CA BHFUIL AN PHAIRC,irish
CA BHFUIL AN TRA,irish
ICH BIN EIN LEHRER,german
IVAN IST ARZT,german
DAS IST EIN HAUS,german
DAS IST EIN GESCHAFT,german
ICH BIN EIN STRENGER LEHRER,german
IVAN IST EIN GUTER ARZT,german
JULIA IST MEINE LEHRERIN,german
DAS IST UNSER HAUS,german
JULIA IST MEINE NEUE LEHRERIN,german
IVAN IST UNSER GUTER FREUND,german
DU BIST SCHON,german
DU BIST HEUTE ABEND SEHR SCHON,german
DU BIST SEHR STARK,german
DU BIST SEHR MUTIG,german
DIESE BLUME IST WUNDERBAR,german
ICH WILL DIESEN APFEL,german
"ICH MOCHTE, DASS SIE DIE TUR SCHLIESSEN",german
ICH MOCHTE ARZT WERDEN,german
ICH MOCHTE ANDEREN MENSCHEN EINE FREUDE MACHEN,german
ICH MOCHTE DIE BULGARISCHE SPRACHE SPRECHEN,german
WILLST DU HEUTE ABEND MIT MIR AUSGEHEN,german
DAS TUE ICH,german
ICH WILL DEIN SEIN,german
ICH BRAUCHE HILFE,german
ICH BRAUCHE EINEN STIFT,german
ICH MUSS AUF DIE TOILETTE,german
ICH MUSS GEHEN,german
"ICH FUHLE MICH SCHLECHT, ICH BRAUCHE EINEN ARZT",german
ICH MUSS DIE BULGARISCHE SPRACHE LERNEN,german
ICH MAG DIESE FARBE,german
ICH MAG ES ZU KOCHEN,german
"ICH LIEBE ES, DEN SONNENUNTERGANG ZU BEOBACHTEN",german
ABENDS GEHE ICH GERNE SPAZIEREN,german
ICH LIEBE DIESEN KUCHEN,german
ICH GEHE GERNE IN DIE KONDITOREI,german
BITTE DIE TURE SCHLIESSEN,german
"DARF ICH SIE BITTEN, DIE TUR ZU SCHLIESSEN",german
DARF ICH BITTE DIESEN APFEL HABEN,german
DARF ICH BITTE EIN KILO KARTOFFELN HABEN,german
DARF ICH BITTE ZWEI BROTE HABEN,german
"ENTSCHULDIGUNG, WIE SPAT IST ES",german
"ENTSCHULDIGUNG, KONNEN SIE MIR HELFEN",german
BITTE ENTSCHULDIGEN SIE! IST DER PLATZ FREI,german
"ENTSCHULDIGUNG, WO IST DIE KATHEDRALE",german
"ENTSCHULDIGUNG, DAS IST DEINS",german
ENTSCHULDIGEN SIE SPRECHEN SIE ENGLISCH,german
WAS IST DAS,german
WIE IST DAS WETTER HEUTE,german
WIE WAR DAS WETTER GESTERN,german
WIE WIRD DAS WETTER MORGEN,german
WAS MOCHTEN SIE ESSEN,german
WAS ZIEHST DU GERN AN,german
WAS KANN ICH FUR DICH TUN,german
WANN BIST DU GEBOREN,german
WANN IST DEIN GEBURTSTAG,german
WANN WERDE ICH DICH WIEDERSEHEN,german
WANN IST UNSER TREFFEN,german
WANN KOMMT DAS FLUGZEUG,german
WO WOHNST DU,german
WO IST DER AUFZUG,german
WO IST DIE TOILETTE,german
WO LIEGT DEINE HEIMATSTADT,german
WO IST DAS STADTZENTRUM,german
DAS IST ANTON. ER IST STUDENT,german
ANTON IST EIN GUTER SCHULER UND MEIN ENGER FREUND,german
ICH MOCHTE EINE FRAGE STELLEN,german
ICH TRINKE GERNE ORANGENSAFT,german
DARF ICH BITTE EIN KILO KAROTTEN HABEN,german
DARF ICH BITTE EIN SALZPACKCHEN HABEN,german
DARF ICH BITTE ZWEI JOGHURTS HABEN,german
"ENTSCHULDIGUNG, KANN ICH DIE TUR SCHLIESSEN",german
"ENTSCHULDIGUNG, DARF ICH EINEN LAIB BROT HABEN",german
WIE IST DEINE STIMMUNG HEUTE,german
WIE WAR DEINE STIMMUNG GESTERN,german
WIE WIRD IHRE STIMMUNG MORGEN SEIN,german
WANN KOMMT DER ZUG,german
WANN KOMMT IHR AUTO,german
WANN KOMMT DAS MOTORRAD,german
WO IST DIE KATHEDRALE,german
WO IST DER PARK,german
WO IST DER STRAND,german
EIMAI DASKALOS,greek
O IVAN EINAI GIATROS,greek
AFTO EINAI ENA SPITI,greek
AFTO EINAI ENA MAGAZI,greek
EIMAI AFSTIROS DASKALOS,greek
O IVAN EINAI KALOS GIATROS,greek
I TZOULIA EINAI I DASKALA MOU,greek
AFTO EINAI TO SPITI MAS,greek
I TZOULIA EINAI I NEA MOU DASKALA,greek
O IVAN EINAI O KALOS MAS FILOS,greek
EISAI OMORFI,greek
EISAI POLY OMORFI APOPSE,greek
EISAI POLY DYNATOS,greek
EISAI POLY GENNAIOS,greek
AFTO TO LOULOUDI EINAI YPEROCHO,greek
THELO AFTO TO MILO,greek
THELO NA KLEISEIS TIN PORTA,greek
THELO NA GINO GIATROS,greek
THELO NA KANO TOUS ALLOUS ANTHROPOUS EFTYCHISMENOUS,greek
THELO NA MILISO TI VOULGARIKI GLOSSA,greek
THELEIS NA VGEIS MAZI MOU APOPSE,greek
DECHOMAI,greek
THELO NA GINO DIKOS SOU,greek
CHREIAZOMAI VOITHEIA,greek
CHREIAZOMAI ENA STYLO,greek
PREPEI NA PAO STIN TOUALETA,greek
PREPEI NA FYGO,greek
NIOTHO ASCHIMA CHREIAZOMAI GIATRO,greek
PREPEI NA MATHO TI VOULGARIKI GLOSSA,greek
MOU ARESEI AFTO TO CHROMA,greek
MOU ARESEI NA MAGEIREVO,greek
MOU ARESEI NA VLEPO TO ILIOVASILEMA,greek
MOU ARESEI NA PIGAINO MIA VOLTA TO VRADY,greek
LATREVO AFTO TO KEIK,greek
MOU ARESEI NA PIGAINO STO ZACHAROPLASTEIO,greek
KLEISE TIN PORTA PARAKALO,greek
BORO NA SAS ZITISO NA KLEISETE TIN PORTA,greek
BORO NA ECHO AFTO TO MILO PARAKALO,greek
SAS PARAKALO NA ECHO ENA KILO PATATES,greek
SAS PARAKALO NA ECHO DYO KARVELIA PSOMI,greek
ME SYNCHOREITE TI ORA EINAI,greek
"SYNGNOMI, BOREITE NA ME VOITHISETE",greek
"ME SYNCHOREITE, AFTI I THESI EINAI ELEFTHERI",greek
ME SYNCHOREITE POU EINAI O KATHEDRIKOS NAOS,greek
ME SYNCHOREITE EINAI DIKO SAS,greek
ME SYNCHOREITE MILATE ANGLIKA,greek
TI EINAI AFTO,greek
POS EINAI O KAIROS SIMERA,greek
TI KAIRO EKANE CHTHES,greek
POS THA EINAI O KAIROS AVRIO,greek
TI SAS ARESEI NA TROTE,greek
TI THA ITHELES NA FORESEIS,greek
TI BORO NA KANO GIA SENA,greek
POTE GENNITHIKES,greek
POTE EINAI TA GENETHLIA SOU,greek
POTE THA SE XANADO,greek
POTE EINAI I SYNANTISI MAS,greek
POTE FTANEI TO AEROPLANO,greek
POU MENEIS,greek
POU EINAI TO ASANSER,greek
POU EINAI I TOUALETA,greek
POU VRISKETAI I PATRIDA SAS,greek
POU EINAI TO KENTRO TIS POLIS,greek
AFTOS EINAI O ANTON EINAI FOITITIS,greek
O ANTON EINAI KALOS MATHITIS KAI STENOS MOU FILOS,greek
THELO NA KANO MIA EROTISI,greek
MOU ARESEI NA PINO CHYMO PORTOKALIOU,greek
SAS PARAKALO NA ECHO ENA KILO KAROTA,greek
BORO NA ECHO ENA PAKETO ALATI PARAKALO,greek
EPITREPSTE MOU NA ECHO DYO GIAOURTIA PARAKALO,greek
ME SYNCHOREITE BORO NA KLEISO TIN PORTA,greek
"ME SYNCHOREITE, EPITREPSTE MOU NA ECHO ENA KARVELI PSOMI",greek
POIA EINAI I DIATHESI SAS SIMERA,greek
POIA ITAN I DIATHESI SAS CHTHES,greek
POIA THA EINAI I DIATHESI SAS AVRIO,greek
POTE FTANEI TO TRENO,greek
POTE FTANEI TO AFTOKINITO TOUS,greek
POTE FTANEI I MOTOSYKLETA,greek
POU EINAI O KATHEDRIKOS NAOS,greek
POU EINAI TO PARKO,greek
POU EINAI I PARALIA,greek
SOY PROFESORA,spanish
IVAN ES MEDICO.,spanish
ESTA ES UNA CASA,spanish
ESO ES UNA TIENDA,spanish
SOY UNA PROFESORA ESTRICTA,spanish
IVAN ES UN BUEN MEDICO.,spanish
JULIA ES MI MAESTRA,spanish
ESTA ES NUESTRA CASA,spanish
JULIA ES MI NUEVA MAESTRA,spanish
IVAN ES NUESTRO BUEN AMIGO,spanish
ERES HERMOSA,spanish
ERES MUY HERMOSA ESTA NOCHE,spanish
ERES MUY FUERTE,spanish
ERES MUY VALIENTE,spanish
ESTA FLOR ES MARAVILLOSA,spanish
QUIERO ESTA MANZANA,spanish
QUIERO QUE CIERRES LA PUERTA,spanish
QUIERO SER MEDICO,spanish
QUIERO HACER FELICES A OTRAS PERSONAS,spanish
QUIERO HABLAR EL IDIOMA BULGARO,spanish
QUIERES SALIR CONMIGO ESTA NOCHE,spanish
SI,spanish
QUIERO SER TUYO,spanish
NECESITO AYUDA,spanish
NECESITO UN BOLIGRAFO,spanish
NECESITO IR AL BANO,spanish
TENGO QUE IR,spanish
ME SIENTO MAL NECESITO UNA DOCTORA,spanish
NECESITO APRENDER EL IDIOMA BULGARO,spanish
ME GUSTA ESTE COLOR,spanish
ME GUSTA COCINAR,spanish
ME ENCANTA VER EL ATARDECER,spanish
ME GUSTA SALIR A CAMINAR POR LA TARDE,spanish
ME ENCANTA ESTE PASTEL,spanish
ME ENCANTA IR A LA PASTELERIA,spanish
CIERRA LA PUERTA POR FAVOR,spanish
PUEDO PEDIRTE QUE CIERRES LA PUERTA,spanish
PUEDO TENER ESTA MANZANA POR FAVOR,spanish
PUEDO TENER UN KILOGRAMO DE PAPAS POR FAVOR,spanish
"PUEDO TENER DOS HOGAZAS DE PAN, POR FAVOR",spanish
DISCULPE QUE HORA ES,spanish
DISCULPE PUEDE AYUDARME,spanish
"DISCULPE, ESTA ESTE ASIENTO LIBRE",spanish
DISCULPE DONDE ESTA LA CATEDRAL,spanish
DISCULPA ES TUYO,spanish
PERDON HABLA USTED INGLES,spanish
QUE ES ESTO,spanish
COMO ESTA EL CLIMA HOY,spanish
QUE TIEMPO HIZO AYER,spanish
COMO SERA EL CLIMA MANANA,spanish
QUE TE GUSTA COMER,spanish
QUE TE GUSTA USAR,spanish
QUE PUEDO HACER POR TI,spanish
CUANDO NACISTE,spanish
CUANDO ES TU CUMPLEANOS,spanish
CUANDO VOY A VERTE DE NUEVO,spanish
CUANDO ES NUESTRA REUNION,spanish
CUANDO LLEGA EL AVION,spanish
DONDE VIVE,spanish
DONDE ESTA LA ELEVADORA,spanish
DONDE ESTA EL BANO,spanish
DONDE SE ENCUENTRA SU CIUDAD NATAL,spanish
DONDE ESTA EL CENTRO DE LA CIUDAD,spanish
ESTE ES ANTON ES UN ESTUDIANTE,spanish
ANTON ES UNA BUENA ESTUDIANTE Y MI AMIGA CERCANA,spanish
QUIERO HACER UNA PREGUNTA,spanish
ME ENCANTA BEBER JUGO DE NARANJA,spanish
"PUEDO TENER UN KILOGRAMO DE ZANAHORIAS, POR FAVOR",spanish
PUEDO TENER UN PAQUETE DE SAL POR FAVOR,spanish
"PUEDO TENER DOS YOGURES, POR FAVOR",spanish
DISCULPE PUEDO CERRAR LA PUERTA,spanish
DISCULPE PUEDO TENER UNA BARRA DE PAN,spanish
CUAL ES TU ESTADO DE ANIMO HOY,spanish
CUAL FUE TU ESTADO DE ANIMO AYER,spanish
CUAL SERA TU ESTADO DE ANIMO MANANA,spanish
CUANDO LLEGA EL TREN,spanish
CUANDO LLEGA SU COCHE,spanish
CUANDO LLEGA LA MOTO,spanish
DONDE ESTA LA CATEDRAL,spanish
DONDE ESTA EL PARQUE,spanish
DONDE ESTA LA PLAYA,spanish
JAG AR EN LARARE,swedish
IVAN AR LAKARE,swedish
DET HAR AR ETT HUS,swedish
DET AR EN BUTIK,swedish
JAG AR EN STRIKT LARARE,swedish
IVAN AR EN BRA LAKARE,swedish
JULIA AR MIN LARARE,swedish
DET HAR AR VART HUS,swedish
JULIA AR MIN NYA LARARE,swedish
IVAN AR VAR GODA VAN,swedish
DU AR VACKER,swedish
DU AR VALDIGT VACKER IKVALL,swedish
DU AR VALDIGT STARK,swedish
DU AR VALDIGT MODIG,swedish
DEN HAR BLOMMAN AR UNDERBAR,swedish
JAG VILL HA DET HAR APPLET,swedish
JAG VILL ATT DU STANGER DORREN,swedish
JAG VILL BLI EN DOKTOR,swedish
JAG VILL GORA ANDRA MANNISKOR GLADA,swedish
JAG VILL TALA DET BULGARISKA SPRAKET,swedish
VILL DU GA UT MED MIG IKVALL,swedish
JAG GOR,swedish
JAG VILL VARA DIN,swedish
JAG BEHOVER HJALP,swedish
JAG BEHOVER EN PENNA,swedish
JAG BEHOVER GA PA TOALETTEN,swedish
JAG MASTE GA,swedish
JAG MAR DALIGT ATT JAG BEHOVER EN LAKARE,swedish
JAG MASTE LARA MIG DET BULGARISKA SPRAKET,swedish
JAG GILLAR DEN HAR FARGEN,swedish
JAG GILLAR ATT LAGA MAT,swedish
JAG ALSKAR ATT TITTA PA SOLNEDGANGEN,swedish
JAG GILLAR ATT GA EN PROMENAD PA KVALLEN,swedish
JAG ALSKAR DEN HAR TARTAN,swedish
JAG ALSKAR ATT GA TILL KONDITORIET,swedish
STANG DORREN TACK,swedish
FAR JAG BE DIG STANGA DORREN,swedish
KAN JAG FA DET HAR APPLET TACK,swedish
FAR JAG FA ETT KILO POTATIS TACK,swedish
FAR JAG TVA BROD SNALLA,swedish
URSAKTA VAD AR KLOCKAN,swedish
URSAKTA KAN DU HJALPA MIG,swedish
URSAKTA MIG AR DENNA PLATS LEDIG,swedish
URSAKTA VAR AR KATEDRALEN,swedish
URSAKTA MIG AR DET DIN,swedish
URSAKTA MIG PRATAR DU ENGELSKA,swedish
VAD AR DETTA,swedish
VAD AR DET FOR VADER IDAG,swedish
VILKET VADER VAR DET IGAR,swedish
HUR KOMMER VADRET SE UT IMORGON,swedish
VAD GILLAR DU ATT ATA,swedish
VAD GILLAR DU ATT HA PA DIG,swedish
VAD KAN JAG HJALPA DIG MED,swedish
NAR FODDES DU,swedish
NAR FYLLER DU AR,swedish
NAR SER JAG DIG IGEN,swedish
NAR AR VART MOTE,swedish
NAR KOMMER PLANET,swedish
VAR BOR DU,swedish
VAR AR HISSEN,swedish
VAR AR TOALETTEN,swedish
VAR LIGGER DIN HEMSTAD,swedish
VAR LIGGER CENTRUM,swedish
DET HAR AR ANTON. HAN AR STUDENT,swedish
ANTON AR EN BRA ELEV OCH MIN NARA VAN,swedish
JAG VILL STALLA EN FRAGA,swedish
JAG ALSKAR ATT DRICKA APELSINJUICE,swedish
FAR JAG FA ETT KILO MOROTTER TACK,swedish
FAR JAG HA ETT SALTPAKET TACK,swedish
FAR JAG TVA YOGHURTAR TACK,swedish
URSAKTA KAN JAG STANGA DORREN,swedish
URSAKTA ATT JAG FAR EN LIMPA BROD,swedish
VAD AR DITT HUMOR IDAG,swedish
VAD VAR DITT HUMOR IGAR,swedish
HUR BLIR DITT HUMOR IMORGON,swedish
NAR KOMMER TAGET,swedish
NAR KOMMER DERAS BIL,swedish
NAR KOMMER MOTORCYKELN,swedish
VAR LIGGER KATEDRALEN,swedish
VAR LIGGER PARKEN,swedish
VAR AR STRANDEN,swedish
SONO UN INSEGNANTE,italian
IVAN E UN DOTTORE,italian
QUESTA E UNA CASA,italian
QUELLO E UN NEGOZIO,italian
SONO UN INSEGNANTE SEVERO,italian
IVAN E UN BRAVO DOTTORE,italian
GIULIA E LA MIA INSEGNANTE,italian
QUESTA E LA NOSTRA CASA,italian
JULIA E LA MIA NUOVA INSEGNANTE,italian
IVAN E UN NOSTRO BUON AMICO,italian
SEI BELLO,italian
SEI MOLTO BELLA STASERA,italian
SEI MOLTO FORTE,italian
SEI MOLTO CORAGGIOSO,italian
QUESTO FIORE E MERAVIGLIOSO,italian
VOGLIO QUESTA MELA,italian
VOGLIO CHE TU CHIUDA LA PORTA,italian
VOGLIO DIVENTARE UN DOTTORE,italian
VOGLIO RENDERE FELICI GLI ALTRI,italian
VOGLIO PARLARE LA LINGUA BULGARA,italian
VUOI USCIRE CON ME STASERA,italian
IO FACCIO,italian
VOGLIO ESSERE TUO,italian
HO BISOGNO DI AIUTO,italian
HO BISOGNO DI UNA PENNA,italian
HO BISOGNO DI ANDARE IN BAGNO,italian
DEVO ANDARE,italian
MI SENTO MALE HO BISOGNO DI UN DOTTORE,italian
DEVO IMPARARE LA LINGUA BULGARA,italian
MI PIACE QUESTO COLORE,italian
MI PIACE CUCINARE,italian
ADORO GUARDARE IL TRAMONTO,italian
MI PIACE FARE UNA PASSEGGIATA LA SERA,italian
ADORO QUESTA TORTA,italian
ADORO ANDARE IN PASTICCERIA,italian
CHIUDI LA PORTA PER FAVORE,italian
POSSO CHIEDERTI DI CHIUDERE LA PORTA,italian
POSSO AVERE QUESTA MELA PER FAVORE,italian
POSSO AVERE UN CHILOGRAMMO DI PATATE PER FAVORE,italian
POSSO AVERE DUE PAGNOTTE PER FAVORE,italian
MI SCUSI CHE ORE SONO,italian
"MI SCUSI, MI PUO AIUTARE",italian
"MI SCUSI, QUESTO POSTO E LIBERO",italian
MI SCUSI DOV'E LA CATTEDRALE,italian
MI SCUSI E QUELLO TUO,italian
"MI SCUSI, PARLA INGLESE",italian
COS'E QUESTO,italian
COM'E IL TEMPO OGGI,italian
COM'ERA IL TEMPO IERI,italian
COME SARA IL TEMPO DOMANI,italian
COSA TI PIACE MANGIARE,italian
COSA TI PIACE INDOSSARE,italian
COSA POSSO FARE PER LEI,italian
QUANDO SEI NATO,italian
QUAND'E IL TUO COMPLEANNO,italian
QUANDO TI RIVEDRO,italian
QUANDO E IL NOSTRO INCONTRO,italian
QUANDO ARRIVA L'AEREO,italian
DOVE VIVI,italian
DOV'E L'ASCENSORE,italian
DOV'E LA TOILETTE,italian
DOVE SI TROVA LA TUA CITTA NATALE,italian
DOV'E IL CENTRO DELLA CITTA,italian
QUESTO E ANTON E UNO STUDENTE,italian
ANTON E UN BRAVO STUDENTE E MIO CARO AMICO,italian
VOGLIO FARE UNA DOMANDA,italian
ADORO BERE IL SUCCO D'ARANCIA,italian
POSSO AVERE UN CHILOGRAMMO DI CAROTE PER FAVORE,italian
POSSO AVERE UN PACCHETTO DI SALE PER FAVORE,italian
POSSO AVERE DUE YOGURT PER FAVORE,italian
MI SCUSI POSSO CHIUDERE LA PORTA,italian
MI SCUSI POSSO AVERE UNA PAGNOTTA,italian
QUAL E IL TUO STATO D'ANIMO OGGI,italian
QUAL ERA IL TUO UMORE IERI,italian
QUALE SARA IL TUO UMORE DOMANI,italian
QUANDO ARRIVA IL TRENO,italian
QUANDO ARRIVA LA LORO MACCHINA,italian
QUANDO ARRIVA LA MOTO,italian
DOV'E LA CATTEDRALE,italian
DOV'E IL PARCO,italian
DOV'E LA SPIAGGIA,italian
SOU PROFESSOR,portuguese
IVAN E MEDICO,portuguese
ESTA E UMA CASA,portuguese
ISSO E UMA LOJA,portuguese
EU SOU UM PROFESSOR RIGOROSO,portuguese
IVAN E UM BOM MEDICO,portuguese
JULIA E MINHA PROFESSORA,portuguese
ESTA E NOSSA CASA,portuguese
JULIA E MINHA NOVA PROFESSORA,portuguese
IVAN E NOSSO BOM AMIGO,portuguese
VOCE E LINDO,portuguese
VOCE ESTA MUITO BONITA ESTA NOITE,portuguese
VOCE E MUITO FORTE,portuguese
VOCE E MUITO CORAJOSO,portuguese
ESTA FLOR E MARAVILHOSA,portuguese
EU QUERO ESSA MACA,portuguese
EU QUERO QUE VOCE FECHE A PORTA,portuguese
EU QUERO ME TORNAR UM MEDICO,portuguese
EU QUERO FAZER OUTRAS PESSOAS FELIZES,portuguese
EU QUERO FALAR A LINGUA BULGARA,portuguese
VOCE QUER SAIR COMIGO ESTA NOITE,portuguese
EU FACO,portuguese
EU QUERO SER SEU,portuguese
EU PRECISO DE AJUDA,portuguese
VOU PRECISAR DE UMA CANETA,portuguese
EU PRECISO IR AO BANHEIRO,portuguese
EU TENHO QUE IR,portuguese
ME SINTO MAL PRECISO DE UM MEDICO,portuguese
EU PRECISO APRENDER A LINGUA BULGARA,portuguese
EU GOSTO DESSA COR,portuguese
EU GOSTO DE COZINHAR,portuguese
ADORO VER O POR DO SOL,portuguese
EU GOSTO DE DAR UM PASSEIO A NOITE,portuguese
EU AMO ESSE BOLO,portuguese
ADORO IR A PASTELARIA,portuguese
FECHE A PORTA POR FAVOR,portuguese
POSSO PEDIR-LHE PARA FECHAR A PORTA,portuguese
POSSO TER ESTA MACA POR FAVOR,portuguese
POSSO TER UM QUILO DE BATATAS POR FAVOR,portuguese
POSSO TER DOIS PAES POR FAVOR,portuguese
COM LICENCA QUE HORAS SAO,portuguese
LICENCA VOCE PODE ME AJUDAR,portuguese
COM LICENSA ESTE LUGAR ESTA LIVRE,portuguese
COM LICENCA ONDE FICA A CATEDRAL,portuguese
COM LICENCA E O SEU,portuguese
COM LICENCA VOCE FALA INGLES,portuguese
O QUE E ISSO,portuguese
COMO ESTA O TEMPO HOJE,portuguese
COMO ESTAVA O TEMPO ONTEM,portuguese
COMO E QUE O TEMPO ESTARA AMANHA,portuguese
O QUE VOCE GOSTA DE COMER,portuguese
O QUE VOCE GOSTA DE USAR,portuguese
O QUE POSSO FAZER PARA VOCE,portuguese
QUANDO VOCE NASCEU,portuguese
QUANDO E SEU ANIVERSARIO,portuguese
QUANDO VOU TE VER DE NOVO,portuguese
QUANDO E NOSSO ENCONTRO,portuguese
QUANDO O AVIAO CHEGA,portuguese
ONDE VOCE MORA,portuguese
ONDE FICA O ELEVADOR,portuguese
ONDE E O BANHEIRO,portuguese
ONDE FICA SUA CIDADE NATAL,portuguese
ONDE FICA O CENTRO DA CIDADE,portuguese
ESTE E O ANTON ELE E UM ESTUDANTE,portuguese
ANTON E UM BOM ALUNO E MEU AMIGO INTIMO,portuguese
EU QUERO FAZER UMA PERGUNTA,portuguese
EU AMO BEBER SUCO DE LARANJA,portuguese
"POSSO TER UM QUILO DE CENOURA, POR FAVOR",portuguese
POSSO TER UM PACOTE DE SAL POR FAVOR,portuguese
POSSO TER DOIS IOGURTES POR FAVOR,portuguese
COM LICENCA POSSO FECHAR A PORTA,portuguese
"COM LICENCA, POSSO COMER UM PAO",portuguese
QUAL E O SEU HUMOR HOJE,portuguese
QUAL ERA O SEU HUMOR ONTEM,portuguese
QUAL SERA O SEU HUMOR AMANHA,portuguese
QUANDO O TREM CHEGA,portuguese
QUANDO O CARRO DELES CHEGA,portuguese
QUANDO CHEGA A MOTO,portuguese
ONDE FICA A CATEDRAL,portuguese
ONDE E O PARQUE,portuguese
ONDE E A PRAIA,portuguese
"Nature er et britisk multidisciplinært videnskabeligt tidsskrift, der blev udgivet første gang den 4. november 1869.",Danish
"[1] Det er rangeret som verdens mest citerede videnskabelige tidsskrift af Science Edition i 2010-udgaven Journal Citation Reports og har en I-faktor på 40.137, hvilket gør det til verdens mest citerede akademiske magasin.",Danish
"[2][3] Det er et af de få tilbageværende akademiske tidsskrifter, der udgiver original forskning spredt over en bred række videnskabelige emner.",Danish
"[3][4] Tidsskriftets primære målgruppe er forskere, men resuméer og medfølgende artikler fremstilles for at gøre de fleste af de vigtigste artikler forståelige for videnskabsfolk inden for andre felter og den uddannede offentlighed.",Danish
"I starten af hvert tidsskrift er ledere, nyheder og feature-artikler som har generel interesse for videnskabsfolk, inklusive nye opdagelser, videnskabsetik og videnskabelige gennembrud.",Danish
Der er også sektioner med bøger og kunst.,Danish
"Resten af tidsskriftet består primært af videnskabelige artikler, der ofte er tætskrevne og meget tekniske.",Danish
"Der er strikser regler for artiklerne i magasiner er mange af dem opsummeringer af det videnskabelige arbejder, der ligger bag, og er derfor uddybende materiale på tidsskriftets hjemmeside.",Danish
"Nature dækker en lang række forskningsgrene, hvor vigtige nye opdagelser og original forskning bliver udgivet enten som artikler eller som ""letters"" i tidsskriftet.",Danish
"Artiklerne, som er blevet udgivet i Nature er ofte blevet international anerkendt for at opretholde meget høje forskningsstandarder.",Danish
"Færre end 8 % af de artikler, som sendes til tidsskriftet, ender med at blive accepteret og udgivet.",Danish
[5] I 2007 modtog Nature Prince of Asturias Award for Communications and Humanity sammen med Science.,Danish
"[6][7] Wikipedia er en internetencyklopædi, der forekommer i flere sprogversioner, udelukkende med frit indhold og ingen reklamer (selvom donationer accepteres), baseret på et åbent samarbejde igennem en model, hvor brugere kan redigere ved hjælp af internet-baserede applikationer som webbrowsere, kaldet wiki.",Danish
"Det er det største og mest populære generelle referenceværk på internettet,[1][2][3] og i april 2019 var det blandt de mest populære hjemmesider ifølge Alexa rangeringsystem.",Danish
"[4] Wikipedia ejes og drives af Wikimedia Foundation, en almennyttig organisation der drives ved hjælp af donationer for at kunne være uafhængig.",Danish
[5][6][7][8] Wikipedia blev lanceret den 15. januar 2001 af Jimmy Wales og Larry Sanger.,Danish
"[9] Sanger fandt på navnet,[10]
[11] som en portmanteau af wiki (det hawaiianske ord for ""hurtig""[12]) og ""encyclopedia"".",Danish
"Oprindeligt var det udelukkende en engelsksproget encyklopædi, men andre sprogversioner blev hurtigt udviklet.",Danish
Pr.,Danish
"torsdag den 28. januar 2021 har den engelsksprogede Wikipedia 6.237.605 artikler, 141.020 aktive bidragydere og 1.115 administratorer.",Danish
[13] Det er dermed den sprogversion af Wikipedia med flest artikler.,Danish
Tilsammen har de over 300 sprogversioner af hjemmesiden mere end 40 millioner artikler på 301 forskellige sprog[14] og i februar 2014 nåede siden 18 milliarder sidevisninger og næsten 500 millioner unikke besøgende om måneden.,Danish
"[15] I 2005 udgav Nature en artikel, hvor 42 artikler om forskellige videnskabelige emner blev sammenlignet fra Encyclopædia Britannica og Wikipedia, hvor man fandt, at Wikipedias niveau af præcision og rigtighed nærmede sig Britannicas,[16] selvom kritikere har foreslået, at hvis man havde udvalgt en tilfældig gruppe blandt alle artikler eller havde fokuseret på samfundsvidenskab eller omstridte sociale problemer.",Danish
"[17][18] Det efterfølgende år skrev Time magazine at den åbne dørs politik tillod at hvem som helst kunne redigere, og at det gjorde det til den bedste encyklopædi i verden, og det hyldede Jimmy Wales' vision.",Danish
"[19] Wikipedia er blevet kritiseret for at udvise systematisk bias, for at fremstille en blanding af ""sandheder, halve sandheder og nogle løgne"",[20] og for at være genstand for manipulation og spin i forbindelse med kontroversielle emner.",Danish
[21] I 2017 annoncerede Facebook at siden ville hjælpe læsere med at detektere fake news ved at foreslå links til relaterede Wikipedia-artikler.,Danish
YouTube annoncerede lignende planer i 2018.,Danish
[22] Den danske udgave blev påbegyndt den 1. februar 2002.,Danish
Den danske Wikipedia har 264.512 artikler pr.,Danish
28. januar 2021.,Danish
"De tre bærende principper på Wikipedia, der tilsammen definerer dens niche på World Wide Web er: Wikipedia støttes af Richard M. Stallman og Free Software Foundation.",Danish
"Stallman påpegede brugbarheden af en ""fri universel encyklopædi"" før Wikipedia blev startet.",Danish
"Oprindeligt startede Wikipedia med at køre på UseModWiki, skrevet af Clifford Adams.",Danish
Den 26. januar 2002 skiftede den engelske Wikipedia program fra UseModWiki til PHP og MySQL.,Danish
Den 25. september 2002 skiftede den danske Wikipedia over til samme program.,Danish
"Projektet kører på mange dedikerede servere, der er placeret i Florida, USA og tre andre steder i verden.",Danish
Disse servere er ansvarlige for Wikipedia på alle sprog og for postlisterne.,Danish
Wikipedia modtager mellem 2000-7000 sidevisninger per sekund.,Danish
Over 200 servere er blevet sat op for i fællesskab at kunne håndtere den enorme mængde trafik.,Danish
Mobile enheder kan tilgå de mobile udgaver af Wikipedia.,Danish
Den første mobile udgave formateret til WAP (wapedia.mobi) har eksisteret siden 2004 – og siden 2009 til andre mobile enheder inkl.,Danish
"iPod, Android-enheder, og Kindle (da.m.wikipedia.org og en.m.wikipedia.org).",Danish
Alle der er koblet til Internettet kan læse og skrive i Wikipedias artikler.,Danish
Bidrag angives med IP-adressen.,Danish
"Personer der har lyst til at bidrage med mere, kan oprette sig som brugere.",Danish
Dette er gratis og har en del fordele – primært overskuelighed.,Danish
Enkelte kontroversielle artikler kan være semibeskyttet; dvs.,Danish
låst for bidrag fra IP-adresser.,Danish
Alle kan bekæmpe vandalisme og brugere der er blevet erfarne indenfor wikiprocedurerne kan vælges til administratorer.,Danish
"Administratorer kan slette artikler, blokere brugere og beskytte artikler.",Danish
Der er p.t.,Danish
24 administratorer på den danske Wikipedia Brugere oprettes som administratorer af bureaukrater (Bureaucrats) der også kan ændre brugernavne.,Danish
"Administratorer kan få taget deres rettigheder, hvis de udøver magtmisbrug.",Danish
Det gøres af forvaltere (Stewards).,Danish
Forvaltere vælges en gang om året ved demokratiske afstemninger.,Danish
Wikipedias styrke er blandt andet at udnytte diverse brugeres evner.,Danish
"Nogle ved en masse om et emne, men formulerer sig dårligt.",Danish
"Andre aner intet om emnet, men kan rette stavefejl, tegnsætning o.lign.",Danish
"Nogle brugere har kæpheste, som at bekæmpe dåsedansk og patruljerer da.wikipedia.org regelmæssigt.",Danish
"Erfarne brugere kan wikificere nye brugeres bidrag – indsætte hyperlinks, billeder, links til andre sprog, kategorier mm.",Danish
Sammenlignet med andre sites på dansk er den danske Wikipedia godt besøgt og lå december 2013 på en 20.,Danish
plads.,Danish
"[23] I november 2013 var der omkring 40,4 millioner sidevisninger, eller 56.000 sidevisninger i timen.",Danish
"[24] Sammenlignet med andre sites besøgt fra Danmark, er Wikipedia (alle sprogversioner medtaget) også godt besøgt og lå december 2013 på en 6.",Danish
plads.,Danish
Nature (Engels voor 'natuur') is een Brits vooral natuurwetenschappelijk tijdschrift.,Dutch
Het staat als gerenommeerd bekend.,Dutch
Het verscheen voor het eerst op 4 november 1869[1] en werd opgericht door de amateur-astronoom Norman Lockyer.,Dutch
Het groeide uit van een eenvoudige publicatie voor amateur-wetenschappers tot een van de meest gerenommeerde wetenschappelijke tijdschriften.,Dutch
Een publicatie in Nature wordt door wetenschappers zeer hoog aangeslagen.,Dutch
"Er zijn geen tijdschriften met een hogere impactfactor, behalve misschien Science, dat met Nature om de toppositie concurreert.",Dutch
De impactfactor van Nature schommelt rond de 40.[bron?],Dutch
"Hoewel Nature een lichte nadruk op biologie legt, accepteert het artikelen uit allerlei wetenschappelijke vakgebieden.",Dutch
"Er zijn inmiddels diverse speciale edities die zich met aparte vakgebieden bezighouden: Verder bestaan er nog enkele edities van Nature Reviews, waarin hoogkwalitatieve overzichtsartikelen verschijnen.",Dutch
"Gemeinsame Normdatei: 4499779-6Bibliotheek van het Japanse parlement: 001097666Virtual International Authority File: 193146331915918691819 WorldCat Identities (via VIAF): 193146331915918691819 Wikipedia is een meertalige internetencyclopedie, die door auteurs op vrijwillige basis wordt geschreven.",Dutch
"Wikipedia wordt gepubliceerd onder een vrije licentie, waardoor de inhoud elders opnieuw te gebruiken is.",Dutch
De website is eigendom van de Wikimedia Foundation; het is het oudste en bekendste project van deze organisatie.,Dutch
"Wikipedia is opgezet in de vorm van een wiki, hetgeen betekent dat elke inhoudelijke pagina door iedere bezoeker bewerkt kan worden.",Dutch
Voor Wikipedia is een apart programma ontworpen.,Dutch
"De software, MediaWiki, is opensourcesoftware die ook gebruikt wordt door de andere projecten van de Wikimedia Foundation en door talloze andere projecten en bedrijven.",Dutch
"Op Wikipedia gelden vijf principes, zuilen genoemd:[2] Naast deze drie zuilen gelden twee interne zuilen: De naam Wikipedia is een samentrekking van wiki, dat in het Hawaiiaans snel betekent, en het Engelse woord encyclopedia.",Dutch
"Wikipedia was de eerste serieuze, algemene, digitale encyclopedie waarbij met het wiki-concept gewerkt werd.",Dutch
"In vergelijking met andere concepten om informatie te verzamelen heeft dit tot gevolg dat Wikipedia, daar waar het actuele informatie betreft, in het algemeen snel bijgewerkt is.",Dutch
Daar verwijst het eerder genoemde woord wiki ook naar.,Dutch
Kenmerkend voor het project en het succes ervan is tevens het feit dat de inhoud onder een vrije licentie valt.,Dutch
Alle tekst en media worden door Wikipedia door middel van de GFDL- (en sinds 2008) CC-BY-SA-licentie vrijgegeven en beschikbaar gesteld voor het publiek.,Dutch
"Iedere auteur blijft eigenaar van zijn bijdrage, maar anderen kunnen voortbouwen op individuele bijdragen.",Dutch
De vrijgave van bijdragen onder de CC-BY-SA-licentie is definitief en kan niet ingetrokken worden.,Dutch
"Eenieder is daarmee gerechtigd de inhoud kosteloos te verspreiden en/of te wijzigen, terwijl niemand de toegang tot een uit Wikipedia overgenomen en eventueel gewijzigde inhoud kan worden onthouden.",Dutch
"Wikipedia presenteert zich daarbij uitdrukkelijk als een encyclopedie en niet als bijvoorbeeld een woordenboek, discussieforum of webportaal.",Dutch
Voor lexicografische informatie is het zusterproject Wiktionary (in het Nederlands WikiWoordenboek) in het leven geroepen.,Dutch
Voor mobiele apparaten zijn ook speciale apps beschikbaar.,Dutch
Over de documentering van de menselijke kennis wordt al vele jaren nagedacht.,Dutch
"Onder andere de bibliograaf Paul Otlet, bedenker van de Universele Decimale Classificatie (UDC), wijdde zijn leven aan de vraag hoe gegevens en kennis toegankelijk gemaakt kunnen worden in een Universeel Boek of een vernuftig kaartsysteem met behulp van een machinaal systeem.",Dutch
"[3] Later streefde Herbert George Wells naar een World Brain,[4] een samenvatting van alle kennis op microfilm.",Dutch
Ook Vannevar Bush dacht dat de toekomst van volledige documentatie lag in een systeem met microfilm: Memex.,Dutch
[5] In 1960 begon Ted Nelson met zijn Project Xanadu dat gebruikmaakte van hypertekst.,Dutch
De Compton's Interactive Encyclopedia van Philips' CDI (1992) en Encarta (1993) van Microsoft waren de eerste encyclopedieën op cd-rom die gebruikmaakten van hyperlinks.,Dutch
"Wikipedia is een modern antwoord en maakt gebruik van de nieuwe mogelijkheden van www, internet en software voor samenwerking.",Dutch
"Wikipedia werd in 2001 opgericht door de Amerikaanse ondernemer Jimmy Wales, samen met zijn medewerker Larry Sanger.",Dutch
"In 2003 droeg Wales zijn rechten op de naam Wikipedia, de website zelf en de servers waarop deze draaide over aan de Wikimedia Foundation, een stichting die hij oprichtte om het behoud en de verdere ontwikkeling van Wikipedia langdurig mogelijk te maken.",Dutch
De stichting leeft bijna uitsluitend van donaties en had anno 2017 in de Verenigde Staten ongeveer 280 betaalde medewerkers.,Dutch
Wikipedia zelf wordt echter door vrijwilligers beheerd en geschreven.,Dutch
"Het project Wikipedia begon met een conversatie tussen twee internetvrienden, Larry Sanger, hoofdredacteur van Nupedia en Ben Kovitz, een computerprogrammeur en bèta-wetenschapper, op de avond van 3 januari 2001 in San Diego (Californië).",Dutch
Kovitz had al eerder te maken gehad met een ander soort wikiproject.,Dutch
"Toen hij het basisconcept aan Sanger uitlegde, zag deze onmiddellijk dat het wikiformat geschikt zou zijn voor het opzetten van een opener, minder formeel project dan Nupedia.",Dutch
"Vier maanden daarvoor hadden Sanger en zijn baas Jimmy Wales, president-directeur van Bomis, Inc., al eens verschillende mogelijkheden besproken om naast Nupedia een opener, aanvullend project te beginnen.",Dutch
Het kostte Sanger dus niet veel moeite om Wales over te halen een wiki voor Nupedia op te zetten.,Dutch
Nupedia's eerste wiki ging online op 10 januari 2001.,Dutch
"Van de kant van de auteurs en redacteuren van Nupedia kwam echter het nodige protest tegen het plan om Nupedia zo nauw te associëren met een webpagina, gebaseerd op het wikiconcept.",Dutch
"Daarom kreeg het nieuwe project per 15 januari de naam 'Wikipedia' en een eigen, onafhankelijk adres op het web.",Dutch
Deze datum werd later uitgeroepen tot Wikipediadag.,Dutch
Nieuwe deelnemers meldden zich aan via een publicatie van Slashdot in maart en juli.,Dutch
"Ook andere publicaties trokken deelnemers, zoals die op Kuro5hin.",Dutch
Zoekmachines (vooral Google) en andere portals dirigeerden dagelijks honderden potentiële deelnemers naar Wikipedia.[bron?],Dutch
Op 12 februari 2001 werd in de Engelstalige Wikipedia de eerste mijlpaal van 1000 artikelen (pagina's) overschreden; daarna groeide het aantal artikelen met circa 1000 per maand en inmiddels (2020) met ongeveer 150.000 per maand[6].,Dutch
Op 19 juni 2001 ging de Nederlandstalige versie van Wikipedia van start.,Dutch
"De oorspronkelijke en verreweg de grootste van alle Wikipedia's is de Engelstalige versie, die van start ging op 15 januari 2001.",Dutch
Het oorspronkelijke doel was te komen tot een minimum van 100.000 artikelen.,Dutch
"Toen dat aantal eenmaal was bereikt, ging de groei echter nog volop door.",Dutch
Vanaf de zomer van 2001 zijn er naast de oorspronkelijke Engelstalige versie steeds meer Wikipedia's in andere talen gestart.,Dutch
"Na de Engelstalige waren in 2015, gemeten naar het aantal individuele artikelen, de Duits-, Frans-, Nederlands- en Zweedstalige Wikipedia's het grootst.",Dutch
"Opgemerkt moet worden dat dit niets zegt over de grootte, de (gemiddelde) kwaliteit of de diversiteit van de artikelen.",Dutch
In totaal waren er in februari 2015 meer dan 34 miljoen artikelen te vinden in 288 verschillende talen.,Dutch
"Er zijn ook enkele Wikipedia's opgestart in minderheidstalen, dialecten en inmiddels uitgestorven talen (zoals het Latijn en Oudengels).",Dutch
Zo bevatte de Wikipedia in het Zazaki begin 2010 ongeveer 2800 artikelen.,Dutch
"Er zijn eveneens versies begonnen in enkele bekende kunsttalen, zoals het Esperanto en het Klingon.",Dutch
[7] Een aantal van deze Wikipedia's bleek echter over onvoldoende vaste bijdragers te beschikken om de projecten draaiende te houden.,Dutch
Deze weinig levensvatbare projecten zijn inmiddels weer gesloten en/of in de Wikimedia Incubator beland.,Dutch
De meeste opslagcapaciteit is nodig voor de afbeeldingen en andere media die op Wikipedia gebruikt worden.,Dutch
Op 15 januari 2009 meldde Wikizine dat er 48 terabyte opslagruimte beschikbaar was gekomen voor Wikimedia Commons.,Dutch
Op dat moment werd daar 5 terabyte van gebruikt.,Dutch
[8] In de maanden augustus en september 2003 werd een internationale logowedstrijd gehouden.,Dutch
Het logo van Paul Stansifer werd met grote meerderheid verkozen.,Dutch
Daarna werd dit aangepast tot een grijze versie op basis van hetzelfde idee.,Dutch
"Vanaf 2005 begonnen de bewerkers (users, in het Nederlands vaak ""gebruikers"" genoemd) op Wikipedia steeds meer samen te werken met culturele instellingen en andere organisaties om meer materiaal beschikbaar te krijgen voor het gebruik op Wikipedia.",Dutch
"Er wordt samengewerkt met onder andere musea, galeries, archieven en bibliotheken om zo meer specialistische informatie en vooral ook beeldmateriaal om meer artikelen hiervan te kunnen voorzien.",Dutch
"In Nederland leverde bijvoorbeeld het Tropenmuseum meer dan 8.000 afbeeldingen over de Marrons, Suriname en Indonesië,[9][10] het Nationaal Archief in Den Haag en Spaarnestad Photo te Haarlem doneren ruim 1100 foto's van Nederlandse politici en belangrijke gebeurtenissen in Nederland[11] en het Amsterdam Museum doneerde in 2011 zijn digitale collectie van 55.000 foto's.",Dutch
[12] De Rijksdienst voor het Cultureel Erfgoed (RCE) heeft in september 2012 van de 555.000 afbeeldingen van haar collectie er 465.000 vrijgegeven met een maximale pixelgrootte van 1200 pixels onder de cc-by-sa-3.0-nl licentie.,Dutch
Sinds 2010 wordt de samenwerking tussen Wikipedia en culturele instellingen verder geïntensiveerd met de aanstelling van een 'Wikipedian in Residence' bij de instellingen zelf om hun materiaal via Wikipedia te ontsluiten.,Dutch
"[13] Op 15 januari 2016, de 15e verjaardag van Wikipedia, werd bekend dat er een fonds was opgericht, de Wikimedia Endowment, dat de komende 10 jaar 100 miljoen dollar moet gaan inzamelen teneinde het voortbestaan van Wikipedia op de lange termijn te garanderen.",Dutch
[14] In mei 2004 ontving Wikipedia de Golden Nica voor digitale gemeenschappen van de jaarlijkse Prix Ars Electronica-wedstrijd.,Dutch
"Later dat jaar ontving Wikipedia de Judges' Webby Award in de categorie ""community"".",Dutch
"[15] Wikipedia werd ook genomineerd voor de ""Best Practices"" prijs.",Dutch
"In 2007 stemden de lezers van de website brandchannel.com voor Wikipedia als 4de in de lijst van merken, via het antwoord op de vraag ""Welk merk had de grootste invloed op onze levens in 2006?""",Dutch
"In september 2008 ontving Wikipedia de ""Quadriga A Mission of Enlightenment"" van Werkstatt Deutschland samen met Boris Tadić, Eckart Höfling en Peter Gabriel.",Dutch
Deze prijs werd aangeboden aan Jimbo Wales door David Weinberger.,Dutch
"[16] Op 15 januari 2015 kreeg de Wikipediagemeenschap de Erasmusprijs toegekend, ""omdat zij de verspreiding van kennis heeft bevorderd door een allesomvattende, voor ieder toegankelijke encyclopedie op te zetten"".",Dutch
[17][18] Volgens de organisatie van de prijs droeg Wikipedia door haar open karakter bij aan het besef dat bronnen van kennis niet neutraal zijn en steeds gewogen moeten worden.,Dutch
Met deze kritische aandacht sloot Wikipedia goed aan bij het gedachtegoed van Erasmus.,Dutch
Op 25 november 2015 reikte koning Willem-Alexander deze prijs uit aan drie vertegenwoordigers van de gemeenschap.,Dutch
[19] Op 17 juni 2015 werd de jaarlijkse Prinses van Asturiëprijs voor internationale samenwerking toegekend aan Wikipedia.,Dutch
[20] Wikipedia heeft net als andere wiki's te kampen met vandalisme.,Dutch
Hiervoor zijn hulpmiddelen beschikbaar om vandalisme te bestrijden en bijvoorbeeld misbruik van sokpopaccounts op te sporen.,Dutch
'Onzichtbaar vandalisme' en hoaxen blijken echter hardnekkiger te zijn.,Dutch
Door subtiele wijzigingen (beperkte weglatingen of wijziging van de opmaak) kan een heel andere wending aan een artikel worden gegeven.,Dutch
Ook kan iemand per ongeluk foutieve informatie toevoegen.,Dutch
"Wanneer niemand doorheeft dat de informatie onjuist is, kan die maandenlang op Wikipedia blijven staan.",Dutch
"Zo zijn er gevallen bekend van artikelen over niet-bestaande personen, waar wel maandenlang een artikel over bestond.",Dutch
Artikelen op Wikipedia scoren over het algemeen hoog in de zoekmachines.,Dutch
Dit heeft als neveneffect dat ook eventuele foutieve informatie zich vanaf Wikipedia snel over het internet kan verspreiden.,Dutch
Wikipedia wordt bewerkt door vrijwilligers en heeft een open structuur.,Dutch
In principe kan iedereen daardoor meewerken aan de encyclopedie.,Dutch
In de praktijk blijkt er echter geen sprake van een volledige afspiegeling van de maatschappij.,Dutch
Zo komt uit onderzoek van de Wikimedia Foundation naar enkele kenmerken van bewerkers van Wikipedia naar voren dat de meerderheid van de bewerkers mannelijk is en geen partner en kinderen heeft.,Dutch
"Ongeveer de helft valt in de leeftijd tussen 18 en 30 jaar oud, terwijl de groep jonger dan 18 zo'n 25% bedraagt.",Dutch
"Het dominante profiel van de bewerkers heeft - algemeen gesproken - gevolgen voor het soort en aantal artikelen en daarnaast ook voor de inhoud van artikelen, wat Dale Hoiberg, voormalig hoofdredacteur van de Encyclopædia Britannica, een systematische fout of bias noemt.",Dutch
"In vergelijking met traditionele encyclopedieën is er dan ook meer aandacht voor sporters, informatica en popcultuur, terwijl onderwerpen als natuurwetenschap, taal, kunst en Afrika soms ondervertegenwoordigd zijn.",Dutch
Zo was bijvoorbeeld het artikel over de stripfiguren Casper en Hobbes op de Engelstalige Wikipedia een tijdlang uitgebreider dan dat over William Shakespeare.,Dutch
The Guardian gaf in 2014 aan dat een artikel op de Engelstalige Wikipedia met een lijst van porno-actrices meer voetnoten kende dan dat met een lijst van schrijfsters.,Dutch
"[21] Dit werd al vroeg onderkend, zoals bleek uit projecten als CROSSBOW en het wikiproject systematische bias, die echter niet van lange duur waren.",Dutch
Naast de kenmerken in het onderzoek van de Wikimedia Foundation spelen ook andere kenmerken een rol.,Dutch
"Zo verschilt de demografie per Wikipedia sterk, wat zijn invloed heeft op het soort artikelen en de inhoud daarvan.",Dutch
"Artikelen over bepaalde landen, volken, gebruiken en religies zullen niet op elke Wikipedia dezelfde aandacht krijgen.",Dutch
Andere initiatieven zijn onder meer het wegwerken van overmatige nadruk in artikelen op specifieke landen.,Dutch
[noot 1] De bewerkers van Wikipedia zijn merendeels mannelijk.,Dutch
"Daarom schreef de New Statesman dat de Engelstalige versie niet de ""sum of all knowledge"" was - de visie van Jimmy Wales, een van de oprichters van Wikipedia - maar eerder de ""sum of male knowledge"".",Dutch
[22] In het tijdschrift Slate noemde Heather Mac Donald dit in 2011 echter geen probleem: De eenvoudigste verklaring voor het verschil in deelname (...) is dat mannen en vrouwen gemiddeld andere interesses hebben en hun vrije tijd op een andere manier willen besteden.,Dutch
"[23] In 2011 bleek uit onderzoek dat de Engelstalige Wikipedia weliswaar meer artikelen over vrouwen had dan de Encyclopaedia Britannica, maar ook dat de kans dat een artikel over een vrouw ontbrak groter was dan over een man.",Dutch
Dat effect was bovendien sterker in de Wikipedia dan in de Britannica.,Dutch
[24] Uit onderzoek uit 2015 bleek dat de biografieën van vrouwen heel anders geschreven waren dan die van mannen.,Dutch
[25] Het gebrek aan artikelen over vrouwen werd belangrijk genoeg gevonden om met verschillende nieuwe projecten weg te werken.,Dutch
"Op de presentatie van artikelen in de userinterface van Wikipedia wordt wel kritiek geuit, omdat deze niet modern, rommelig en niet gebruiksvriendelijk zou zijn.",Dutch
"Een modernere presentatie van deze artikelen wordt bijvoorbeeld geboden door Wikiwand, een gepatenteerde software-interface die hiervoor is ontwikkeld.",Dutch
Wikiwand is zelf geen onderdeel van MediaWiki.,Dutch
In Het Financieele Dagblad verscheen in 2016 een artikel waarin werd gesteld dat Wikipedia negatief bijdraagt aan de economische groei.,Dutch
[noot 2][26] Wikipedia werd al eerder gezien als een oneerlijke concurrent voor traditionele encyclopedieën.,Dutch
"Nicholas Carr viel in The amorality of Web 2.0 (2005, Web 2.0 is amoreel) websites met gebruikersbijdragen als Wikipedia aan, omdat ze beroepsschrijvers (die volgens hem superieur zijn) het brood uit de mond kunnen stoten, want ""gratis wint altijd van kwaliteit"".",Dutch
"Carr schreef: ""De geestdriftige visioenen van Web 2.0 gaan er stilzwijgend van uit dat de amateur de overhand krijgt.",Dutch
"Maar ik kan me niets angstaanjagenders voorstellen"".",Dutch
[27] Anderen bestrijden dat Wikipedia of iets dergelijks de traditionele publicaties volledig gaat verdringen.,Dutch
"Chris Anderson, hoofdredacteur van Wired Magazine, beweerde in het natuurwetenschappelijke tijdschrift Nature dat Wikipedia met haar gebruik van groepsverstand (wisdom of crowds) de wetenschappelijke toptijdschriften niet zal vervangen, vanwege de andere rol en strenge procedures voor collegiale toetsing van die tijdschriften.",Dutch
[28] Wikipedia zou censuur willen vermijden.,Dutch
Zo werd in 2006 op de Duitstalige Wikipedia geweigerd om de naam van een overleden hacker te verwijderen toen de familie daarom vroeg.,Dutch
"[29] Ook werd in 2008 een platenhoes niet verwijderd nadat een Britse organisatie die hoes als kinderpornografie had bestempeld, waardoor in grote delen van het Verenigd Koninkrijk Wikipedia niet meer bereikbaar was.",Dutch
[30] Turkije blokkeerde van 29 april 2017 tot 16 januari 2020[31] de toegang tot alle talenversies van Wikipedia nadat de encyclopedie had geweigerd sommige inhoud te verwijderen.,Dutch
"[32][33] Niettemin werd in 2009 wel informatie verwijderd over de ontvoering van David S. Rohde door de taliban, omdat volgens de New York Times zijn leven in gevaar kon komen door het bekendmaken van de ontvoering.",Dutch
"[34] T. Bayer gaf in 2012 een overzicht van verschillende onderzoeken, die uitwezen dat de Engelse en Duitse Wikipedia gemiddeld betrouwbaar waren.",Dutch
"[35] Een vergelijking in september 2004 van de Duitstalige Wikipedia en twee andere Duitstalige encyclopedieën, Brockhaus en Encarta, door het computertijdschrift c't, viel in het voordeel van Wikipedia uit.",Dutch
In 2005 publiceerde Nature de resultaten van een vergelijkend onderzoek naar de kwaliteit van artikelen in de Engelse Wikipedia (WP) en de Encyclopædia Britannica (EB).,Dutch
"[36] Universitaire deskundigen bogen zich over natuurwetenschappelijke teksten, zonder te weten uit welke encyclopedie ze kwamen.",Dutch
In 42 paren van overeenkomstige artikelen uit beide encyclopedieën vonden ze zowel in WP als in EB totaal acht ernstige fouten.,Dutch
"Gemiddeld bevatte een WP-artikel vier en een EB-artikel drie foutjes, weglatingen of misleidende beweringen.",Dutch
"Nature concludeerde dat hoewel de schrijfstijl van de Britannica veel beter was, de Wikipedia op natuurwetenschappelijk gebied bijna net zo goed was als de Britannica.",Dutch
Orlowski formuleerde het als volgt: de kwaliteit van informatie in deze artikelen was in Wikipedia daarmee 31 procent minder dan in de Britannica.,Dutch
[37] Het betrof hier een betrekkelijk kleine selectie van artikelen over exacte wetenschappen en techniek en veel van de aangetroffen 'fouten' betroffen meningsverschillen tussen de onderzoekers van Nature en de redacteuren van de Britannica over welke feiten vermeld zouden moeten worden in een encyclopedie.,Dutch
"[38] In maart 2006 publiceerde de Encyclopædia Britannica onder de titel ""Fatally Flawed"" een weerlegging van de onderzoeksresultaten van Nature.",Dutch
[39] Er bestaan op het internet een aantal klonen – ook wel mirrors of spiegelsites genoemd – van Wikipedia.,Dutch
Dit zijn websites die de inhoud van Wikipedia-artikelen of een deel hiervan (vrijwel) letterlijk overnemen.,Dutch
"Enkele voorbeelden zijn DBpedia, EverybodyWiki Bios & Wiki, Wikiwand en (specifiek in het Nederlands) Encyclo.nl.",Dutch
Ook sommige teksten op WordPress.com zijn min of meer letterlijk afkomstig van Wikipedia.,Dutch
"Daarnaast wordt veel van de vrij beschikbare inhoud van Wikipedia door allerlei individuele sites overgenomen en hergebruikt, al dan niet in de vorm van letterlijk gekopieerde tekstpassages.",Dutch
"Regelmatig laten deze sites na om de bron van deze informatie correct weer te geven, waardoor de vereiste auteursrechtelijke kennisgevingen niet gerealiseerd worden.",Dutch
"Een belangrijk neveneffect van dergelijke ""kloonwebsites"" en andere sites die zich primair op Wikipedia baseren is dat ze ervoor zorgen dat informatie op het internet steeds eenzijdiger wordt.",Dutch
"Het is geen zeldzaamheid dat vijf van de eerste tien zoekresultaten op Google allemaal hetzelfde artikel bevatten, op verschillende sites.",Dutch
Foutieve informatie kan op deze manier snel over het internet worden verspreid.,Dutch
Critici van Wikipedia zien dit als een zorgelijke ontwikkeling.,Dutch
"Automatisch leren of machinaal leren is een breed onderzoeksveld binnen kunstmatige intelligentie, dat zich bezighoudt met de ontwikkeling van algoritmes en technieken waarmee computers kunnen leren.",Dutch
De methodes zijn te verdelen in twee ruwe categorieën: aanleidinggevend en deductief.,Dutch
Aanleidinggevende methodes creëren computerprogramma's door het vormen van regels of het extraheren van patronen uit data.,Dutch
Deductieve methoden hebben als resultaat een functie die net zo generiek is als de invoerdata.,Dutch
"Automatisch leren is sterk gerelateerd aan statistiek, aangezien beide velden de studie van data analyseren.",Dutch
Automatisch leren is meer gericht op de algoritmische complexiteit of de implementatie in programma's.,Dutch
"Het is ook gerelateerd aan datamining, waarin op een geautomatiseerde manier patronen en relaties worden gezocht in grote hoeveelheden gegevens.",Dutch
"Veel leerproblemen zijn NP-hard of moeilijker, dus een belangrijk onderdeel van dit vakgebied is algoritmes te ontwikkelen die de oplossing benaderen.",Dutch
"Methodes voor machinaal leren zijn onderverdeeld in een typologie: 
.we zijn allemaal op zoek naar snelle manieren om vloeiend Engels te spreken ik weet dat ik begrijp wat er gebeurt, is dat er maar een paar woorden rond onze hersenen cirkelen en dat we dit hele gesprek moeten voeren met gewoon geweldig geweldig cool of episch dus hoe zit het met wij leer enkele slimme nieuwe Engelse woorden die u in uw dagelijks leven kunt gebruiken en verbeter uw vocabulaire in enkele minuten.",Dutch
"dus vandaag gaan we 10 nieuwe slimme woorden leren, hun betekenis, wortelwoorden en voorbeeldzinnen, dus laten we aan de slag gaan, hey dit is allemaal en jullie kijken.",Dutch
en in deze video ga ik je 10 slimme woorden geven voor dagelijks gebruik en aan het einde van deze video.,Dutch
Ik ga je ook een slimme tip geven om heel vloeiend slim woordnummer te laten klinken.,Dutch
"één is overspoeld overspoeld betekent verdrinken of overstromen, maar overspoeld wordt vaak gebruikt in de context van werk zoals ik ' m overspoeld met werk ik heb te veel werk te doen ik ben de hele week overspoeld met werk ik heb amper tijd gehad om te ademen, laten we nu eens kijken naar de wortel van dit woord.",Dutch
"moeras is een stuk wetland en als iemand op de verkeerde plaats in een moeras stapt, kunnen ze gemakkelijk verdrinken en de werkwoordsvorm moeras betekent zinken, dus hier is hoe je dit woord kunt gebruiken.",Dutch
laten we zeggen dat je veel opdrachten hebt en er komt een toets aan en je vrienden komen naar je toe en zeggen.,Dutch
"hey waarom ga je niet met ons om, je kunt tegen ze zeggen dat het me zo spijt, maar ik word overspoeld door werk of ik word overspoeld met andere woorden die je kunt gebruiken in plaats van overspoeld, heb ik te veel Te doen.",Dutch
er ligt teveel op mijn bord.,Dutch
Ik verdrink in mijn werk.,Dutch
ik word overspoeld met opdrachten slim woord nummer twee is catch-22 nu weet ik zeker dat je ' Ik heb dit woord al gehoord voordat catch-22 een onmogelijke situatie betekent waarin je het ene niet kunt doen tenzij je het andere hebt gedaan en je het andere niet kunt doen omdat je de eerste niet hebt gedaan.,Dutch
"Ik heb je in de war gebracht, dus laat me je wat voorbeelden geven.",Dutch
Een catch-22-situatie is wanneer je geen baan krijgt zonder werkervaring te hebben.,Dutch
maar je kunt pas ervaring opdoen als je een baan krijgt.,Dutch
catch-22 werd bedacht door Joseph Heller in zijn beroemde boek met dezelfde naam catch-22 toen hij enkele tegenstrijdige regels beschreef die van toepassing waren op soldaten tijdens de Tweede Wereldoorlog.,Dutch
een ander voorbeeld van catch-22 is dat je een banklening nodig hebt omdat je er niet genoeg van hebt.,Dutch
"geld, maar je zou die banklening niet krijgen tenzij je aan de bank bewijst dat je genoeg geld hebt, dus onthoud de volgende keer dat je vastzit in een lastige situatie.",Dutch
om het woord catch-22 te gebruiken.,Dutch
en krijg deze bewonderende blikken van je vrienden andere woorden die je kunt gebruiken in plaats van catch-22 zijn paradox of dilemma slim woord.,Dutch
nummer drie is suave suave suave middelen om verfijnd te zijn om beleefd evenwichtig cool en.,Dutch
"welgemanierd heeft het woord suave verschillende oorsprong, maar een zeer interessante oorsprong van het woord is wat aangenaam of zoet smakend voorbeeld betekent.",Dutch
"hij is zo evenwichtig en zacht, vooral in het bijzijn van de dames of barack.",Dutch
Obama is zo zacht en gepolijst nu onthoud wanneer je de volgende keer op een feest bent en je deze persoon ziet die zo is.,Dutch
welgemanierd en gecultiveerd en verfijnd.,Dutch
"vergeet niet te zeggen: wie is die vriendelijke kerel die daar in de hoek is, met dit woord zal je woordenschat meteen toenemen.",Dutch
heel zacht zo slim woord nummer vier is afschuwelijk afschuwelijk het woord afschuwelijk betekent iets heel ergs afschuwelijk verschrikkelijk afschuwelijk aanstootgevend afschuwelijk heeft een Latijnse wortel genaamd.,Dutch
wat betekent angst wreed of verschrikkelijk enkele voorbeelden van het woord afschuwelijk zijn de recente verkrachtingsincidenten in Delhi waren afschuwelijk of gevangenen worden behandeld.,Dutch
op een gruwelijke manier wordt soms in gevangenissen gruwelijk ook in het dagelijks leven gebruikt om over een veelvoorkomend kwaad te praten en dat wil je overdrijven.,Dutch
zijn tafelmanieren waren bijvoorbeeld afschuwelijk of haar gevoel voor kleding is zo afschuwelijk of zijn grammatica is afschuwelijk.,Dutch
dus vergeet niet om de volgende keer dat je op het nieuws over een gruwelijke daad hoort.,Dutch
"opmerken en zeggen dat dit een gruwelijke daad is, slim woord nummer 5 is ontzagwekkend, ontzagwekkend, ontzagwekkend, betekent verbazingwekkend verbazingwekkend.",Dutch
"nu gebruiken we hier vaak het woord geweldig ' s een ander woord dat je kunt gebruiken in plaats van geweldig verbazingwekkend, bijvoorbeeld vandaag heb ik een verbazingwekkende score op mijn test, wat betekent dat ik een zeer hoge score heb gehaald of.",Dutch
ik heb een bijna perfecte score.,Dutch
Het woord verbazingwekkend heeft klassieke Latijnse wortels van het woord dat betekent.,Dutch
"verbluft zijn zo ontzagwekkend wordt gebruikt om iets te beschrijven dat verbluffend goed is, ze ziet er bijvoorbeeld ontzagwekkend uit in die jurk of wat een geweldig uitzicht vanaf dit balkon of ik lees dit ontzagwekkende boek dat ik niet kan neerleggen hoe zit het met jou en vertellen.",Dutch
"je vrienden, dat is dit geweldige kanaal voor studenten en sommige andere woorden die je kunt gebruiken in plaats van verbluffend zijn ongelooflijk fantastisch of uitzonderlijk goed, oké, dus voordat we verder gaan met de uitgebalanceerde vijf woorden op deze video, vergeet dan niet om een ​​opmerking onder deze video te plaatsen.",Dutch
om me te vertellen welk van deze tien woorden je favoriete slimme woord was nummer zes zit in een fix in een fix betekent dat je in een lastige situatie verkeert bijvoorbeeld jongen ik zit in een moeilijke situatie omdat ik hier met twee verschillende vrienden plannen voor heb gemaakt avond.,Dutch
"ik ben mijn telefoon kwijt en ik zit in de problemen of onze bus is vanmorgen kapot gegaan en ik zit in de problemen, mijn vriend wendt zich altijd tot mij voor hulp als hij in de problemen zit en als het goed gaat, vergeet hij het.",Dutch
"dus de volgende keer dat je wiskundehuiswerk van school krijgt, bijvoorbeeld en als je je wiskundeboek op school hebt achtergelaten, kun je je vrienden vertellen dat je in een echte situatie zit, nu denk je misschien dat het woord repareren iets te doen heeft met iets repareren.",Dutch
maar nee in een fix betekent dat je in een lastige situatie zit andere woorden die je kunt gebruiken in plaats van in een fix zit ik in een soep of ik ' ik zit in een puinhoop of ik zit in de problemen of ik ben gewoon op een plek slim woord nummer 7 is flummox flummox betekent iemand verwarren.,Dutch
"zo vaak dat ze vergeten wat ze nu moeten doen verward is meestal een te veel gebruikt woord, dus waarom gebruik je geen flummox bijvoorbeeld, de jongen zag er helemaal uit.",Dutch
stomverbaasd toen de leraar hem een ​​vraag stelde in de klas of de hond keek stomverbaasd bij zijn eigen spiegelbeeld in de spiegel of de toerist was in de war door de verschillende gebruiken die.,Dutch
"die hij tegenkwam tijdens zijn reizen of in een interview toen haar werd gevraagd waarom we je zouden inhuren, zag ze er compleet stomverbaasd uit, dus als je de volgende keer in de war raakt over vragen, bijvoorbeeld tijdens een examen, dan jij.",Dutch
kan dat altijd zeggen omdat ik dat niet had gedaan Ik heb me goed voorbereid op het examen.,Dutch
Ik was stomverbaasd door enkele van de vragen.,Dutch
"Andere woorden die je kunt gebruiken in plaats van verward zijn verbijsterd, verbaasd of verbijsterd.",Dutch
"is een heel Franse manier om ontmoeting of datum te zeggen, ik heb bijvoorbeeld een afspraak met mijn vrienden tijdens de lunch op zaterdag of ik ben van plan om met mijn vrienden af ​​te spreken in het winkelcentrum voor films rendez-vous kan zowel als zelfstandig naamwoord of als werkwoord worden gebruikt bijvoorbeeld.",Dutch
ik heb vanavond een afspraak met mijn vrienden of ik ga morgen met mijn vrienden afspreken.,Dutch
"in Frankrijk werd eerdere afspraak door het leger gebruikt om een ​​ontmoetingsplaats voor de troepen aan te duiden, nu is er iets spannends en geheimzinnigs aan het woord rendez-vous, zelfs nu, terwijl je rendez-vous voor elke bijeenkomst kunt gebruiken.",Dutch
"in het algemeen maar het won ' het is erg geschikt voor een officiële vergadering, dus als je een date hebt, kun je misschien zeker noemen dat een rendez-vous slim woord nummer 9 stomp is stomp stomp is een belediging die je zou gebruiken als je iemand dom of ongewild probeert te noemen of domme nu je het woord stomp hebt gehoord in geometrie stompe hoek en scherpe hoek, dus een stompe hoek is een hoek groter dan 90 graden maar kleiner dan 180 graden.",Dutch
en een scherpe hoek is deze scherpe hoek minder dan 90 graden zo scherp als een woord wordt gebruikt om scherp aan te duiden en daarom ook mentaal scherp en stomp is duidt bot en daarom ook een beetje traag in de geest dus voorbeeldzinnen met stomp zijn de man was zo stom dat hij zijn wachtwoord weggaf aan een nep-beller of het stompe kind.,Dutch
was niet in staat.,Dutch
om een ​​enkele vraag op de test te beantwoorden of de stompe man had het moeilijk om zelfs de basisinstructies te begrijpen.,Dutch
"Stel nu dat in uw dagelijkse situatie uw vriend of vriendin boos op u is en u weet niet waarom, dus u kunt.",Dutch
"zeg tegen hen misschien ben ik stom, maar ik weet niet waarom je zo van streek bent.",Dutch
slim woord nummer 10 is traag traag traag betekent om langzaam te bewegen om een ​​beetje langzamer te zijn.,Dutch
dan normaal om er een beetje moe en gebrekkig uit te zien.,Dutch
in energievoorbeeld maakt een zware lunch me erg in de namiddag traag heeft wortels van het woord wat een traag persoon betekent en een naaktslak is een dier dat echt heel langzaam beweegt zoals een slak bijvoorbeeld.,Dutch
de economie was dit jaar erg traag of de wedstrijd werd hervat na een trage start.,Dutch
"of zaken zijn dit kwartaal traag geweest, je kunt het in je dagelijks leven gebruiken als je je op een dag erg moe voelt, dat kan je je moeder vertellen of je kunt het zien.",Dutch
"je vrienden, ik voel me erg traag.",Dutch
"vandaag zou ik kunnen doen met een energiedrank, andere woorden die je kunt gebruiken in plaats van traag, kunnen lusteloos zijn of slepend met mijn voeten, dus dat waren de 10 slimme woorden en eerder.",Dutch
Ik geef je die geheime tip om heel vloeiend te klinken.,Dutch
"Ik wil je eraan herinneren dat als je op zoek bent naar slimme woorden voor een telefoongesprek, ik een link naar een video plaats.",Dutch
daarvoor in het beschrijvingsvak en nu de geheime tip.,Dutch
De geheime tip om vloeiend te klinken is om niet meer dan één slim woord of zin te gebruiken die ik soms ken.,Dutch
we worden erg opgewonden omdat.,Dutch
"wij' Ik heb een heleboel van deze slimme woorden geleerd en we hebben de neiging om er twee, drie, vier in één zin te proppen die niet natuurlijk klinkt.",Dutch
zorg er dus een voor een voor dat je het woord op de juiste manier uitspreekt.,Dutch
"ga naar google en typ het woord en in de zoekopdracht rechtsboven zie je een klein luidsprekerpictogram, klik op die luidspreker.",Dutch
en hoor de uitspraak een of twee keer.,Dutch
"en je bent klaar om te gaan en als je deze video leuk vond, vergeet dan niet om ons een duim omhoog te geven met een opmerking.",Dutch
voor mij eronder om me te vertellen welke van deze 10 woorden je favoriet is en ook.,Dutch
als je nog niet op de abonneerknop en het belpictogram ernaast hebt gedrukt en blij bent met kijken.,Dutch
"hey guys, welkom op mijn kanaal in deze video.",Dutch
Ik ga je de 50 beste Engelse zinnen geven die je in je dagelijks leven kunt gebruiken.,Dutch
dus als u op het punt staat aan uw reis te beginnen.,Dutch
"naar een Engels sprekend land, kunt u dit volledig gebruiken.",Dutch
zinnen als je al een tijdje Engels leert en je wilt hervatten.,Dutch
"dit is de beste video om mee te beginnen, dus laten we in hopelijk 10 minuten 50 zinnen in het Engels bekijken.",Dutch
zin nummer één dit is een andere manier om te vragen.,Dutch
hoe gaat het met jou?,Dutch
hoe gaat het?,Dutch
hoe gaat het?.,Dutch
"dus je ontmoet iemand en je tijd, hoe gaat het ?.",Dutch
"zin nummer twee als je iemand een tijdje niet hebt gezien, vertel je hem een ​​lange tijd niet gezien, dus dat betekent dat je deze persoon misschien weken of maanden niet gezien hebt, zin nummer.",Dutch
drie als je je wilt vragen wat je hebt gedaan.,Dutch
"je vraagt ​​wat je hebt uitgespookt, dus wat gebeurde er in je leven?",Dutch
wat heb je gedaan om ze op te voeden als alles goed gaat?,Dutch
"Nou, je kunt gewoon antwoorden, kan niet klagen dat alles echt gaaf is.",Dutch
"kan niet klagen volgende zin iemand vertelt je iets en je hebt het niet echt in het gesprek genoemd alsof ze op de een of andere manier raden dat je een nieuwe baan hebt, en je vraagt ​​het hem.",Dutch
hoe weet je dat?.,Dutch
"waar heb je het nieuws vandaan, zoals hoe gaat het?",Dutch
"weet dat als iemand een leuke grap vertelt, je kunt zien dat het een goede is.",Dutch
"dat is een geweldige grap, dus de zin is dat het een goede is.",Dutch
"als je iemand wilt bedanken, kun je zeggen dat het erg aardig van je is, heel erg bedankt dat je dat gedaan hebt, dat is erg aardig van je, het is erg aardig van je als iemand.",Dutch
"probeerde u te helpen, maar kon het resultaat dat u kunt zeggen niet bereiken.",Dutch
"toch bedankt het maakt niet uit, maar toch bedankt.",Dutch
bedankt voor de moeite.,Dutch
"nee, toch bedankt, en een andere zin die ik soms in mijn e-mail gebruik als ik niet om een ​​persoon heb gevraagd.",Dutch
vraag ik en dan zeg ik uiteindelijk.,Dutch
"bij voorbaat dank, wat betekent dat ik echt hoop dat je het gaat doen.",Dutch
bedank je bij voorbaat.,Dutch
"bij voorbaat dank als iemand een fout heeft gemaakt, en hij is er echt van streek over.",Dutch
je kunt gewoon geen zorgen zeggen.,Dutch
"maak je geen zorgen, maak je geen zorgen, dus maak je er geen zorgen over.",Dutch
het is goed.,Dutch
"maak je geen zorgen, stel je voor dat je thuiskwam en al je vrienden op je bank zitten.",Dutch
"en je bent net als wat er hier aan de hand is, zoals wat doe je hier ?.",Dutch
wat gebeurt er als je iets niet hebt opgevangen of als het de persoon die je altijd kunt vragen niet begreep of ik je goed heb begrepen ?.,Dutch
"en ga je gang en leg uit waar je vandaan kwam, heb ik je goed begrepen?",Dutch
"als je iemand vraagt ​​om niet van streek te zijn en niet te huilen, kun je zeggen dat je het niet ter harte moet nemen.",Dutch
"neem het niet ter harte, wees niet zo van streek, neem het niet ter harte.",Dutch
"een andere manier om te vragen of je een deel van een zin niet hebt verstaan, kun je zeggen dat ik het laatste woord niet heb verstaan.",Dutch
mijn excuses.,Dutch
kun je het herhalen omdat ik het laatste woord niet heb verstaan ​​als hij wil dat iemand de hele zin opnieuw herhaalt.,Dutch
je kunt sorry zeggen.,Dutch
Ik luisterde niet omdat je het misschien druk had.,Dutch
"misschien was je aan het telefoneren en was er iemand tegen je aan het praten, en je denkt.",Dutch
O mijn God.,Dutch
sorry ik luisterde niet.,Dutch
kan je het herhalen?.,Dutch
mijn excuses.,Dutch
ik luisterde niet naar een andere zin die ik de hele tijd gebruik.,Dutch
"het maakt niet uit, maak je geen zorgen als je je koffie overal bij me neerzet.",Dutch
het is alsof het er niet toe doet.,Dutch
ik red het wel.,Dutch
ik' Ik ga toch naar de was.,Dutch
het maakt niet uit of je iemand geluk wilt wensen.,Dutch
en ik doe altijd dat je vingers gekruist kunt zeggen en je vingers zo kruist.,Dutch
duimen.,Dutch
"een andere uitdrukking die Amerikanen gebruiken is oh slecht, die het verklaart en.",Dutch
"de situatie is dat je iets niet hebt gekregen en dan krijg je een extra effect, en je krijgt het.",Dutch
"en je bent zo van oh dat verklaart het, dat verklaart het.",Dutch
"een andere manier om de persoon te vertellen dat hij niet boos moet zijn, is door te zeggen dat dingen gebeuren alsof het goed is.",Dutch
"er gebeuren dingen, wees niet boos als je niet de naam hebt van een persoon met wie je hem wilt spreken.",Dutch
"je kunt sorry zeggen dat ik je stoor, je weet dat je het ziet.",Dutch
"als iemand het druk heeft, kunt u altijd sorry zeggen dat ik u stoor en dan kunt u het vragen.",Dutch
sorry dat ik je stoor.,Dutch
"als je midden in iets in iemand zit ' Je vraagt ​​je iets wat je kunt zeggen, oh.",Dutch
"je bent ergens middenin en iemand vraagt ​​je iets te doen wat je zegt, het spijt me.",Dutch
ik ben zo bij je ik ben bij je in en dan ga je verder met iets doen en je zegt waar we waren.,Dutch
"zoals wanneer zijn we gestopt waar we waren en je moet het herhalen, want met wat is het geluid waarmee sommige mensen zich vergissen.",Dutch
dus dit is een geweldige manier om te oefenen waar waren we ook alweer als je midden in een gesprek zit?,Dutch
"en je snapte niet wat de andere persoon zei, je kunt wel zeggen dat je het zei en met een vraagteken.",Dutch
wat betekent dat de persoon ertoe aanzet om nogmaals te herhalen?,Dutch
u zei .,Dutch
"als iemand een baan van zijn dromen heeft, of wat je ook kunt zeggen, gelukkig ben jij of iemand de universiteit van zijn dromen binnenstapte als een geluksvogel, dit is een manier om de persoon die je geluk heeft te feliciteren of gewoon te benadrukken dat hij geluk heeft gehad geluk je een andere manier om te zeggen Dat je echt boos bent, is om te zeggen dat ik in paniek raakte alsof ik zo boos was.",Dutch
Ik was bang dat dit super boos is.,Dutch
"oh, dit is bijna gek.",Dutch
"ik schrok van een andere zin die moedertaalsprekers gebruiken, is goed voor je en dit kan zowel positief als negatief zijn als je zegt dat ik promotie heb gemaakt en als ze goed voor je zeggen, zoals felicitaties en soms als je zegt alsof ik deze plek verlaat.",Dutch
"ze zijn als goed voor je, het zou beter zijn zonder jou en dit is een negatieve betekenis, dus luister echt naar de intonatie.",Dutch
"als iets je verrast, kun je ook zeggen dat je me voor de gek houdt, oh mijn god.",Dutch
"Ik kan het niet geloven, je houdt me voor de gek om iemand te vertellen dat hij moet glimlachen en om gelukkig te zijn, kun je altijd zeggen: opbeuren, opkijken.",Dutch
"als je iemand wilt die gewoon klinkt als huilen en klagen over iets dat niet gebeurt, kun je zeggen kom ik ben je kan het doen ik?",Dutch
kom op.,Dutch
"je kunt het doen je kunt de toefl doorgeven je kunt de gmat doorgeven, je krijgt het, kom op.",Dutch
"je kunt het doen als iemand het heel goed doet, je kunt ze vertellen ga zo door met het goede werk ga zo door met het goede werk als wees zo goed als je bent en ga zo door met het goede werk doorgaan met een andere zin is informeel, en dit is wat amerikanen zeggen.",Dutch
"dat is verlicht, wat betekent dat dat verbazingwekkend is, zeiden veel Amerikanen in Californië.",Dutch
"oh dat is verlicht en je hebt het waarschijnlijk gehoord in liedjes die ' Gaat branden als iemand succesvol is na mislukkingen, dus je kunt zeggen dat je gaat ik zei je dat je het gaat redden als iemand je vraagt ​​of je moe bent en je wilt zeggen dat je helemaal niet moe bent kan niet een beetje nah zeggen.",Dutch
"ik wil doorgaan ik ben er niet moe van, niet als iemand je vraagt, weet je het zeker en je bent er vrij zeker van dat je kunt zeggen dat daar geen ruimte voor is?",Dutch
"er is geen ruimte voor twijfel in Amerika of je iemand wilt sms'en of ze een bericht wilt sturen zeg je tekst naar tekst dus ik stuur je een sms betekent dat ik je een bericht zal sturen via whatsapp of een telegram of een boodschapper van wat dan ook, ik zal sms je nog een keer om iemand op te vrolijken en te zeggen dat ze niet boos moeten zijn, je kunt zeggen dat het het niet waard is, zoals waarom huil je?",Dutch
het is het niet waard.,Dutch
je bent zoveel beter dan het probleem waar je om huilt ' Het is je tranen niet waard.,Dutch
"het is het niet waard, ik ben persoonlijk dol op de zin die je rockt, wat betekent dat je geweldig bent.",Dutch
O mijn God.,Dutch
jij rock je rock?,Dutch
"nee, je hebt geweldig werk verricht.",Dutch
"je rockt als iemand niet echt goed werkt, en je wilt dat ze harder werken, je kunt zeggen dat je een extra mijl moet gaan, wat betekent dat je net als harder moet werken, een extra mijl moet doen.",Dutch
"een andere manier om precies hetzelfde te zeggen wat je kunt zeggen: verhoog je spel, zoals harder werken, beter werken, verhoog je spel.",Dutch
als iemand huilt en het niet wil.,Dutch
het zinkt je zegt: trek jezelf bij elkaar alsof je letterlijk jezelf neemt en jezelf bij elkaar brengt stop met werken stop met huilen trek jezelf bij elkaar.,Dutch
hey kalmeer jezelf samen een andere zin dat.,Dutch
ik hou van je verkocht mij omdat mensen soms hun reis beschrijven of iemand die ze kochten en ze beschrijven het zo goed.,Dutch
"en ze zijn alsof ik hetzelfde wil kopen en ik vertel hen dat je het hebt verkocht, je hebt me verkocht.",Dutch
"Ik zou dit niet goed kopen, je hebt me verkocht als je niet geïnteresseerd bent in het gesprek.",Dutch
je houdt van zitten je kunt zeggen dat het me niet kan schelen dit is zo saai.,Dutch
Ik ben niet geïnteresseerd.,Dutch
"Het kan me niet schelen als iemand je iets vraagt ​​en dit is een heel gemakkelijke beslissing voor je, zoals iemand zegt dat je mijn 1 miljoen dollar neemt en je zegt dat dit een no-brainer is.",Dutch
Ik neem het.,Dutch
"dit is een no-brainer, wat betekent dat het een heel gemakkelijke beslissing voor je is als je iets verkeerd hebt gedaan en je geeft toe dat je kunt zeggen dat ik het verpest heb, ja jongens.",Dutch
ik weet.,Dutch
mijn excuses.,Dutch
Ik heb het verpest.,Dutch
dit is mijn fout.,Dutch
"ik heb het verpest ik heb het verpest als je wilt dat iemand in plaats van mij werkt, kun je zeggen.",Dutch
kun je me bedekken zoals kan je werken in plaats van mij terwijl ik ' Ik zie mijn vriend.,Dutch
"kun je me dekken, het is tijd om te vertrekken en jongens, ik kan maar beter gaan, wat betekent dat ik al moet gaan.",Dutch
het is je weet.,Dutch
het is eigenlijk 13.00 uur.,Dutch
direct.,Dutch
Ik kan maar beter op een andere manier afscheid nemen.,Dutch
"ik kan zeggen wees voorzichtig, wat betekent: zorg voor jezelf.",Dutch
Ik zie je later.,Dutch
wees voorzichtig.,Dutch
"ik weet niet op welke dag het is wanneer je deze video bekijkt, maar of het vrijdag is, bijvoorbeeld weekend.",Dutch
je kunt zeggen: godzijdank is vrijdag of denk dat de hemel zaterdag weekendontdekking zei.,Dutch
ik ben zo blij dat dit het was jongens 50 zinnen in het engels laat me weten of dit nuttig was door deze video leuk te vinden en hieronder te reageren als je nog meer coole zinnen kent.,Dutch
"dat zou geweldig zijn, daar ergens een rode knop.",Dutch
Hallo en welkom.,Dutch
in deze video zal ik je 100 veelvoorkomende en zeer nuttige zinnen geven die je in een gesprek kunt gebruiken.,Dutch
als je een zin hoort oefenen om het na mij te zeggen.,Dutch
"probeer mijn uitspraak exact te kopiëren, inclusief de tone of voice die ik gebruik.",Dutch
oke laten we beginnen.,Dutch
basisgroeten hoe gaat het?,Dutch
hoe staat het ermee?,Dutch
hoe gaat het?,Dutch
leuk je te ontmoeten.,Dutch
Dat is lang geleden.,Dutch
hoe was het met je?,Dutch
"geweldig, bedankt.",Dutch
en jij?,Dutch
weinig.,Dutch
het gebruikelijke.,Dutch
ik moet gaan.,Dutch
"het was een genoegen je te ontmoeten, je ziet je later.",Dutch
blijf in contact.,Dutch
vragen naar informatie.,Dutch
kun je me vertellen wat dit woord betekent?,Dutch
zou je toevallig weten waar de bibliotheek is?,Dutch
aarzelend.,Dutch
dat is een goede vraag.,Dutch
even kijken.,Dutch
laat me even nadenken.,Dutch
vraagt ​​om herhaling.,Dutch
pardon?,Dutch
"sorry, dat heb ik niet verstaan.",Dutch
zou je dat willen herhalen?,Dutch
"kan je wat langzamer praten, alstublieft?",Dutch
"zeggen ""ik weet het niet"".",Dutch
Ik ben bang dat ik geen idee heb.,Dutch
"kan je daar niet helpen, sorry.",Dutch
slaat me.,Dutch
meningen.,Dutch
wat denk je daarvan?,Dutch
wat is uw mening hierover?,Dutch
ik denk dat dat een goed idee is.,Dutch
ik denk eerlijk gezegd niet dat het gaat werken.,Dutch
wat mij betreft is dit het beste restaurant van de stad.,Dutch
een vraag vermijden.,Dutch
Ik heb er geen mening over.,Dutch
laat me daar op terugkomen.,Dutch
ik mag het niet zeggen.,Dutch
eens en oneens.,Dutch
ik ben het daar niet meer mee eens.,Dutch
je hebt helemaal gelijk.,Dutch
ik ben het 100% met je eens.,Dutch
je slaat de spijker op zijn kop.,Dutch
ik weet niet zeker of ik het ermee eens ben.,Dutch
ik ben bang dat ik het er niet mee eens ben.,Dutch
Ik denk dat je het mis hebt.,Dutch
beleefd onderbreken.,Dutch
Sorry dat ik u onderbreek.,Dutch
kan ik je daar even stoppen?,Dutch
Vind je het erg als ik hier spring?,Dutch
doe Maar.,Dutch
ga maar door.,Dutch
laat me uitpraten.,Dutch
wacht even.,Dutch
suggesties.,Dutch
wat zeg je dat we naar de film gaan?,Dutch
wat dacht je van pizza eten voor vanavond?,Dutch
dat zou geweldig zijn.,Dutch
klinkt goed.,Dutch
daar ben ik niet zeker van.,Dutch
"nee, ik denk het niet.",Dutch
plannen maken.,Dutch
wat doe je vanavond?,Dutch
heb je plannen voor morgen?,Dutch
ben je aanstaande zaterdag vrij?,Dutch
wil je dit weekend iets doen?,Dutch
"zeker, wat heb je in gedachten?",Dutch
"Ik ben het hele weekend vrij, laten we iets doen.",Dutch
"nee sorry, ik heb al wat plannen gemaakt.",Dutch
Ik heb het morgen druk.,Dutch
"Ik zou graag iets willen doen, maar ik kan het niet.",Dutch
toestemming.,Dutch
vind je het erg als ik je mobiele telefoon gebruik?,Dutch
zou het goed zijn als ik morgen een vrije dag zou nemen?,Dutch
"ja, alsjeblieft, ga je gang.",Dutch
Nee helemaal niet.,Dutch
helaas moet ik nee zeggen.,Dutch
Ik heb liever dat je het niet doet.,Dutch
ik ben bang van wel.,Dutch
verzoeken doen.,Dutch
"mag ik het zout, alstublieft?",Dutch
Zou je me wat geld willen lenen?,Dutch
Ik vroeg me af of je me hiermee kon helpen.,Dutch
zeker geen probleem.,Dutch
Ja natuurlijk.,Dutch
ik help je graag verder.,Dutch
"sorry, ik kan het nu niet.",Dutch
ik ben bang dat ik het niet kan. aanbiedingen doen.,Dutch
kan ik je een glas water geven?,Dutch
wat dacht je van een ijsje?,Dutch
wil je dat ik je een lift naar huis geef?,Dutch
Ja graag.,Dutch
"dat zou geweldig zijn, bedankt.",Dutch
"met mij gaat het goed, maar bedankt voor het aanbieden.",Dutch
"nee, het gaat goed, bedankt.",Dutch
mensen bedanken.,Dutch
hartstikke bedankt.,Dutch
proost ik waardeer het echt.,Dutch
dat is erg aardig van je.,Dutch
ik kan je niet genoeg bedanken.,Dutch
het is niets.,Dutch
noem het niet.,Dutch
elk moment.,Dutch
graag gedaan.,Dutch
iemand vragen om te wachten.,Dutch
"kan je even wachten, alstublieft?",Dutch
wacht een seconde.,Dutch
heb even geduld met mij.,Dutch
Ik kom zo bij je.,Dutch
excuses aanbieden.,Dutch
dat spijt me echt.,Dutch
accepteer mijn excuses.,Dutch
maak je er geen zorgen over.,Dutch
geen zorgen.,Dutch
"oké, als je meer lessen wilt over veelvoorkomende zinnen en woordgroepen, laat het me weten in de comments hieronder.",Dutch
"Ook als je deze video leuk vond, geef hem dan een duim omhoog door op de like-knop te drukken en vergeet niet je op dit kanaal te abonneren door op de abonneerknop te klikken om mijn laatste lessen hier op youtube te krijgen.",Dutch
gelukkig leren en ik zie je binnenkort in een andere les.,Dutch
het gouden brood Er was eens in een klein dorpje een vrouw die Marion heette.,Dutch
"met haar enige dochter was narcisa marion buitengewoon nederig en lieve narcisa was echter helemaal het tegenovergestelde, je ziet dat ze mooi was zonder woorden, ze was als een leven.",Dutch
"pop en het meest grappige is dat ze oneindig veel van zichzelf hield, narcisa zou je.",Dutch
"help me het brood bakken he, mam, de meelmeisjes al mijn heldere en sprankelende ogen.",Dutch
"narcisa wil je me helpen deze zaden te planten wat waarom zou ik dat doen wat heb ik al dat vuil op mijn mooie vingers erger wat als het goed op mijn gezicht ging, dat was het probleem met narcisa.",Dutch
ze vond zichzelf te geweldig om wat voor werk dan ook te doen.,Dutch
Veel vrijers kwamen om narcissen te vragen.,Dutch
"omdat haar schoonheid wijd en zijd bekend was, maar ze ze allemaal heel grof afgewezen, waarom heb je die mannen gisteren weggestuurd, ze leken aardig, je kunt niet serieus zijn, mama een van hen.",Dutch
had zulke kleine ogen bijna als die van een vogel en de ander had een enorme neus dat ik niet bij hem in de buurt zou willen zijn.,Dutch
"toen hij niesde oh oh en de laatste stop nee ik wil niet meer horen, alles wat ik kon zien was dat die mannen echt aardig waren mijn liefste, je moet die schoonheid kennen.",Dutch
is niet alles moeder je moet beseffen dat ik iemand verdien als een prins of een ridder.,Dutch
"oh lieverd op een nacht toen ze sliep, zat haar moeder naast haar en keek naar haar.",Dutch
"mijn lieve kind, je bent zo mooi en lief, maar je geeft niks anders dan je schoonheid.",Dutch
op dat moment begon narcissus te lachen in haar slaap haar moeder was buitengewoon verrast hoe leuk ze de volgende ochtend een heel grappige droom moet hebben als narcis.,Dutch
Ik werd wakker.,Dutch
Ze glimlachte en giechelde hier lieverd vertel me waar je van droomde.,Dutch
"gisteravond nou mam, het was zo'n geweldige droom, weet je, er was een prins die naar me toe kwam.",Dutch
"en zei dat hij met me wilde trouwen, hij was in een gouden koets gekomen en hij was van boven tot onder gekleed en ook goud wat een dwaze droom.",Dutch
en je weet dat het beste ervan was toen ik mijn trouwjurk droeg die ook van goud was.,Dutch
Natuurlijk staarde iedereen alleen naar mij.,Dutch
narcisa er is niets verbazingwekkends aan die droom.,Dutch
"het was een erg egoïstische droom moeder, je weet niet wat je zegt, die droom heeft me doen beseffen dat ik veel grootser voedsel nodig heb dan het soort dat ik hier thuis eet, brood gemaakt van goud.",Dutch
Denk maar aan die arme narcis-moeder die zich zo zorgen maakte over haar dochter en hoe.,Dutch
ze zou die dag haar leven leiden.,Dutch
Twee vriendinnen kwamen op bezoek bij de moeder van de narcis.,Dutch
Ze waren mellie en badstof.,Dutch
"Ze waren alle drie al heel lang vrienden, maar badstof en ellie hadden allebei een geheim.",Dutch
waren magische wezens iets waarvan de moeder van narcisse niets wist van terry melli oh het is zo goed om je te zien het is erg lang geleden hoe gaat het met je ik ben heel goed geweest ik zou beter zijn geweest als alleen maar wat als mijn dochter narcisa een beetje meer begrip had marian vertelde mellie en badstof alles over narcisa en hoe ze zich zorgen maakte om haar ze wil eten brood gemaakt van goud wat moet ik met haar doen nou misschien als haar droom uitkomt.,Dutch
"dat zou geweldig zijn, zou het niet goed zijn, ik denk dat ze na verloop van tijd zal groeien om te leren, laten we over iets anders praten.",Dutch
nu later zwaaiden Mellie en Terry hun oude vriend gedag en gingen die avond zowel moeder als dochter lachend naar elkaar weg.,Dutch
klaarmaken voor bed moeder ik hoop echt dat mijn droom uitkomt weet je oh narcisa de volgende dag als narcisa en haar moeder waren buiten in hun tuin een prachtige.,Dutch
"gouden koets kwam aanrijden, bezaaid met edelstenen en diamanten en zag er buitengewoon verbluffend uit.",Dutch
toen het stopte kwam er een knappe man tevoorschijn en keek naar narcisa.,Dutch
Ze was helemaal verbaasd over hoe knap hij was.,Dutch
Mijn droom komt echt uit umm.,Dutch
"wat hallo ik ben hier gekomen om narcissushand in het huwelijk te vragen, maar hoe weet je haar naam en wie ben jij.",Dutch
"ik ben terrence de engel van het geluk de naam en de schoonheid van je dochter is over de hele wereld bekend hier ik heb je een geschenk meegebracht, maar je kent hem nauwelijks, je kunt niet met hem meegaan.",Dutch
oh dom hij is rijk en knap wat wil ik nog meer terrence ik accepteer je voorstel.,Dutch
"en daarmee stapte ze in zijn rijtuig en zonder zelfs maar afscheid te nemen van haar moeder reed het rijtuig weg met de engel terwijl ze aan het reizen waren, ging het rijtuig plotseling een magisch portaal binnen, daar reisde het door een stormachtig gebied, het rijtuig botste enorm rond en narcis.",Dutch
"was erg bang, maak je geen zorgen mijn liefste, dit alles zal snel voorbij zijn, net zoals hij dit zei, het rijtuig ging door een ander portaal en bereikte de oprit.",Dutch
"van een enorm en prachtig gouden kasteel narcisa was verbaasd over al het moois dat ze zag ik wist dat ik zoveel rijkdom verdien ik wist dat je het leuk zou vinden alles wat je wilt vind je hier van de mooiste jurken tot het lekkerste eten allemaal in mijn paleis goed sprekend over eten ik heb echt honger na die rit ik ' m uitgehongerd mag ik iets van dat lekkere eten natuurlijk hier vlees stinkende melissa ze zal je krijgen wat je maar wilt ik heb zoveel over je gehoord je arm schat je hebt honger, kom je niet, laten we naar de eettafel gaan en ik zal wat eten voor je halen, oh dank je, ze gingen naar de eetkamer en daar op de tafel stond het meest verbazingwekkende voedsel dat narcisa ooit had gezien, geweldig, dat komt omdat de jam wordt gemaakt.",Dutch
van robijnen de salades van smaragden en het brood daar is gemaakt van goudgoud brood hoe mooi deze jam eruit zal zien en heerlijk zal smaken met het brood ze nam een ​​sneetje erbij.,Dutch
"robijnrode jam erop en nam een ​​enorme hap dit is zo heet ik kan niet zo goed eten het is brood van goud en het beste ook maar als je het niet kunt eten moet ik je zilver brood zilver geven he, waarom niet jij eet.",Dutch
"iets anders maar ik wil gewoon brood brood dat ik kan eten, heb je niet die look zo aanstaande vrouw van mijn vader, het is koud je moet alleen de beste narcis eten.",Dutch
Ik heb naar al het eten gekeken.,Dutch
maar was diepbedroefd voor alles wat er oneetbaar was.,Dutch
"Ze begon al snel te huilen, ik wil dit niet, maar het eten is echt goed.",Dutch
"probeer hier wat gouden aardappelen, ze zijn echt goed en nadat je met mij bent getrouwd.",Dutch
je moet dit allemaal opeten.,Dutch
Ik dacht dat je van mooie dingen hield.,Dutch
"Nee, ik wil niet met je trouwen.",Dutch
Ik wil naar huis.,Dutch
naar mijn moeder laat me naar huis gaan melissa en terrence keken elkaar aan en knipogen goed.,Dutch
"als dat echt is wat je wilt, dan neem ik je mee naar huis.",Dutch
Terrence nam het huilen en ongelukkig op.,Dutch
narcis thuis in de koets begon ze diep na te denken over de keuzes die ze had gemaakt toen ze thuiskwam.,Dutch
"ze rende om haar moeder te omhelzen die in het huis zat, verdrietig, noch zus o mijn lieve dochter, ik dacht dat ik je nooit meer zou zien.",Dutch
oh mam ik hou zo veel van je en je had gelijk uiterlijk en rijkdom is niet alles het gouden brood was nutteloos omdat ik het niet kon eten en de man ook al.,Dutch
hij was knap hij gaf helemaal niet om me maar mijn liefste besef je dat dat precies de manier is waarop je anderen behandelde.,Dutch
"Ik weet dat het me zo spijt van de manier waarop ik me gedroeg mam oh nee het is goed sinds je het hebt gezien wat je fout was, kom, laten we je vanaf die dag iets lekkers geven.",Dutch
"narcisa veranderde haar manier van doen ze worstelde eerst maar langzaam en geduldig begon ze een stuk aardiger te worden op een dag dat mellie en badstof marian weer kwamen ontmoeten oh hallo jullie twee, dus vertel het ons marian.",Dutch
hoe' Marian vertelde hun nu allebei alles wat er was gebeurd en ze is sinds die tijd zo veranderd.,Dutch
"heeft ze, denk ik dat ze nu geen goudbrood meer zou willen, weet je.",Dutch
"Terry je lijkt eigenlijk een beetje op die engel, maar wat zie ik, hoe kun je hem zijn jullie twee zijn zo aardig",Dutch
namaste,Hindi
kese ho,Hindi
mera naam hai,Hindi
kya kar rahe ho,Hindi
,Hindi
,Hindi
,Hindi
,Hindi
,Hindi
,Hindi
,Hindi
,Hindi
,Hindi
,Hindi
,Hindi
,Hindi
,Hindi
,Hindi
,Hindi
,Hindi
,Hindi
,Hindi
,Hindi
,Hindi
,Hindi
,Hindi
,Hindi
,Hindi
,Hindi
,Hindi
,Hindi
,Hindi
